src,dst
4295,9760
4295,13772
11867,42866
11867,170930
11867,172975
11867,201426
11867,242843
11867,247123
42866,170930
42866,172975
42866,201426
42866,242843
42866,247123
170930,172975
170930,201426
170930,242843
170930,247123
172975,201426
172975,242843
172975,247123
201426,242843
201426,247123
242843,247123
4295,181853
9760,51500
397186,410420
74011,74200
74011,74420
74200,74420
9760,14945
9760,64997
14945,51500
14945,64997
51500,64997
11867,208683
11867,246476
42866,208683
42866,246476
172975,208683
172975,246476
208683,246476
4295,22954
4295,27408
22954,27408
20775,172975
11867,20775
20775,201426
20775,247123
204324,235238
4295,129825
4295,194084
113498,113534
4324,355620
169237,391585
170638,170810
170638,170930
170810,170930
446971,446987
543246,46KwY26PeOs
543246,tP214lJtKlM
543246,9POblaMln4Q
543246,4L-BPQVZYXM
543246,YML2DM0K8DQ
543246,8pffcngJJq0
134091,JANApS0P4z8
134091,HhGJBBPVpqQ
134091,Kf2-86o5S1o
134091,_YSVbM1saXM
134091,fJe0cmOvM94
577292,VH-DA0YgHHU
577292,gAcvbGuqG0Q
577292,iNT-tPrz4OM
577292,u7KZrt_cHH0
577292,V5cOvyDpWfM
577292,7uvxjNut1gk
577292,4HX6R88QZB0
577292,er2kQ21ZTG0
438558,fNVUTgd4pio
438558,YML2DM0K8DQ
438558,_odvYvbW9VM
438558,ife5Zij94_E
438558,Xpv-sEKl1B4
438558,aEM2kOrrNJI
438558,JlcJaCS4BPM
438558,t1shnJT8NCY
40404,X9Qh8vsSE-c
40404,6j-s9E3dRQ0
40404,7uvxjNut1gk
40404,REbjfHF0N0s
40404,NukmFF__G-g
40404,D2mxKEa2xmA
40404,fzmM0AB60QQ
40404,e5IRkF20JmU
22954,ZcCp7488puc
22954,V_jU_ssWvc4
22954,NukmFF__G-g
22954,1purAy2MsOc
22954,1qKBNKtzTWg
410420,6EHbZKLkeMg
410420,af6L1jBZGYA
410420,WCKG9J1d5iE
410420,nZM9Ko806Bg
410420,kA66nAvEEII
410420,s1APv5uO2VU
410420,kzFHjyysXr0
410420,FhllRWReNEE
410420,Uv2LvQ0FEvo
113534,Evz-ZQC8wss
113534,Nl0iGMkxwcc
113534,HhGJBBPVpqQ
113534,XXRBLyQQ78A
113534,7LjC-nUPrNg
113534,aEM2kOrrNJI
113534,XkVwqEdYlNA
113534,ssk48FCVolk
13772,WyZz9muaKFc
13772,PzcaR1N0pTI
13772,Q3jege0p0dQ
13772,GYLBjScgb7o
13772,BHloD113J54
13772,DV1OqgHb3jc
13772,5TbUxGZtwGI
125689,ANDqRchWuMc
125689,TM42O6kYbI8
125689,AV5TOlGFHk0
125689,JRocY48P0qA
125689,VXQ1FD77egw
125689,byBCkV_j-As
125689,_NWs7ntMRBA
125689,ys6KVWA4okw
87395,1purAy2MsOc
87395,tpa4kp4lK60
87395,FlsCjmMhFmw
87395,4HX6R88QZB0
87395,kxkrdLI6e6M
4295,jCb-WcxO5SU
4295,lD1mPectYOM
4295,b03U6BYF9L0
4295,VH-DA0YgHHU
4295,tUbky9YzPZY
4295,oyC4lLTOyL8
397186,lBHPVE3AI6Y
397186,VH-DA0YgHHU
397186,ODLwIlXK-9o
397186,-txKpma65ZU
397186,_6lGaYh71g4
397186,SkcucKDrbOI
397186,JlcJaCS4BPM
397186,6gFj1XJ6b5o
397186,7uvxjNut1gk
146322,jpH-8HiMCRI
146322,iNT-tPrz4OM
146322,86ysRAffCpI
146322,oxd0unpN_Hw
146322,OTEIbWy8AvY
170638,mhog9LEMCDY
170638,K5lmXgKi6V0
170638,SkcucKDrbOI
170638,NWOz3OZ6J9M
170638,Txlk7PiHaGk
170638,Oc27GxSD_bI
170638,lJmDmfQOWVw
435982,FBhVIhmh_N8
435982,X9Qh8vsSE-c
435982,LU86T12xBQQ
435982,VXQ1FD77egw
435982,CT-orZzuN2A
435982,GYLBjScgb7o
435982,dbMtuJ1tZnc
435982,SkcucKDrbOI
435982,XbuQAbG2AZ0
105466,tEnCoocmPQM
105466,JWH5KE1atAg
105466,__-22AJoFxY
105466,-xAMnJgc3oA
105466,RxlSl-kG3qg
105466,SFr0fCgrTNQ
105466,wAQ7autd61g
105466,ondQYFBvk6M
105466,0bSE-rh7jFg
105466,vDtyaRoonx4
391585,h-h5Mhlt6O0
391585,rZQepOFnYi8
391585,0bSE-rh7jFg
391585,fVVS9Tng7C0
391585,c835XURBeLQ
391585,UKserM-i0_A
391585,TTogFxTu_vA
391585,aEM2kOrrNJI
391585,8ll04Zzw5UM
265403,jVNepCaqJok
265403,86ysRAffCpI
265403,_PgMjA4x3rE
265403,lk8lozFBXpo
265403,Hgc2njyY4Rs
248149,XbuQAbG2AZ0
248149,QBzQeyHh0i8
248149,86ysRAffCpI
248149,D8PXRnN0KPU
248149,K5lmXgKi6V0
248149,_6lGaYh71g4
248149,C7mxTEskjQg
35778,_6lGaYh71g4
35778,O4_JNAFClFk
35778,MKc22HuE_94
35778,ys6KVWA4okw
35778,qeWvgZLz9yU
113498,J_CFBjAyPWE
113498,4VDylTCCzOY
113498,zPJl2e38S4g
113498,lJkXbzQPIkM
113498,jsnyz__pc5M
113498,LnA7Au-DLUM
113498,WCKG9J1d5iE
480182,XkVwqEdYlNA
480182,hB07EJhMBRs
480182,Hgiu9cqph5Y
480182,wAQ7autd61g
480182,ijUK3z5rt5s
170930,ulCdoCfw-bY
170930,nranUeNkXpM
170930,XzzQL96yAwE
170930,nk3a7zq84Co
170930,h-h5Mhlt6O0
170930,xqj7XOv9mC8
355620,lBbSzQXQknw
355620,-BDImdAfodA
355620,WyZz9muaKFc
355620,hBvcngHRTFg
355620,8jp3SxojXpU
355620,4cXsgT3ZcL8
355620,Oc27GxSD_bI
355620,V5cOvyDpWfM
125478,PzcaR1N0pTI
125478,jpH-8HiMCRI
125478,uA8GdJJqz_s
125478,prmQgSpV3fA
125478,PeYARbPHcvk
446987,uA8GdJJqz_s
446987,iNT-tPrz4OM
446987,zNqSvg5qwGw
446987,dx9mF1KJr0s
446987,D6Oy4LfoqsU
774,4L-BPQVZYXM
774,al2l6YLt7cg
774,T1B1CxmAXLk
774,pqzopUurZPc
774,aTvw9_dxBlk
774,fNVUTgd4pio
774,CwKp6Xhy3_4
774,7uvxjNut1gk
774,5XUwdZkM6N8
774,n5IdKE3rhII
26667,WKcYTvyoidw
26667,Fj3euSYAtnc
26667,oRArmtMA9AI
26667,flLc6LmAG6c
26667,NKin_i1pcFA
26667,dwEKqAwoz0Y
26667,UKserM-i0_A
26667,dEs6-IfOGbw
26667,Dan2YMDCpms
26667,zPJl2e38S4g
218602,rYzLh2QuraQ
218602,OAGfx7eB3gA
218602,CvkOWb1U-LI
218602,_6lGaYh71g4
218602,_fVUX6-7VKE
218602,t1shnJT8NCY
218602,oFqHvacY9Kk
218602,PAHm7SEhhuw
218602,NZxVghfY6dk
69545,8fbyfDbi-MI
69545,ijUK3z5rt5s
69545,FlsCjmMhFmw
69545,6j-s9E3dRQ0
69545,Xpv-sEKl1B4
69545,Qcj15vHJTtk
69545,jsnyz__pc5M
69545,Eswl8SSywzA
184824,Txlk7PiHaGk
184824,vug4bROR79I
184824,MaTSyJDoxPo
184824,lBHPVE3AI6Y
184824,CT-orZzuN2A
184824,pFc6I0rgmgY
184824,T1B1CxmAXLk
184824,bEWLOo12UAU
184824,OZsYiWBgFOk
287868,Ji_4dH_FXzw
287868,D8PXRnN0KPU
287868,XXRBLyQQ78A
287868,fNVUTgd4pio
287868,aEM2kOrrNJI
287868,NukmFF__G-g
169749,Kf2-86o5S1o
169749,XzzQL96yAwE
169749,86ysRAffCpI
169749,XbuQAbG2AZ0
169749,dbMtuJ1tZnc
169749,er2kQ21ZTG0
169749,H7gh2fmdjCU
169749,8ll04Zzw5UM
169749,LU86T12xBQQ
68271,sYvH7Y16iUM
68271,7LjC-nUPrNg
68271,OAGfx7eB3gA
68271,_kwsw07w8lU
68271,UelDrZ1aFeY
68271,BlHVpQfxJt4
148250,Bzji05zubSc
148250,b191evqWAwE
148250,8bn9OBHoO0k
148250,-C5q3oir8gA
148250,45tSUnisIos
148250,iZUfPIKbgUM
148250,s1APv5uO2VU
14945,_fVUX6-7VKE
14945,Bzji05zubSc
14945,kUosDBUjq5A
14945,iZUfPIKbgUM
14945,pqzopUurZPc
14945,HhGJBBPVpqQ
14945,9reizHjwuNY
14945,0EPY1CKFecs
208683,qK11sSjEM3c
208683,pMpQABKlC-I
208683,sJzWZ1yXpek
208683,KORiXf-u21Y
208683,kfOeQj7HsCE
208683,JWH5KE1atAg
208683,hahlygBa6yQ
208683,fNVUTgd4pio
278190,rZQepOFnYi8
278190,uSTNyHkde08
278190,hBvcngHRTFg
278190,nranUeNkXpM
278190,ZqOtqz8bSDk
278190,1qKBNKtzTWg
278190,xYtsL9znopI
74011,7OsFH1XBUG8
74011,KQkkgD2p3Ow
74011,oyC4lLTOyL8
74011,NWOz3OZ6J9M
74011,BlHVpQfxJt4
74011,Hgc2njyY4Rs
74011,Eswl8SSywzA
74011,FR5WT12B_88
201426,FlsCjmMhFmw
201426,Fj3euSYAtnc
201426,_oZIbFolJTw
201426,TsT5GLWgSkU
201426,9DUfFHaUpxg
201426,Nl0iGMkxwcc
201426,wc4v9uT6GWc
129825,vL2-H_0V7nw
129825,TsT5GLWgSkU
129825,MUWUHf-rzks
129825,xf4iv4ic70M
129825,MaTSyJDoxPo
129825,n6gD02uqx5Q
129825,__-22AJoFxY
129825,GeF_5qo00Uw
129825,QBzQeyHh0i8
129825,UYDAgS2Mr6M
180974,HOxylh5runs
180974,9JBKuNrd5m8
180974,u7KZrt_cHH0
180974,SPJsPQBnA2s
180974,_vrcsnkXCI8
180974,WLagbArQsuE
180974,t_bnyOOFDNM
180974,n5IdKE3rhII
180974,q260bjSiyq0
398918,ondQYFBvk6M
398918,ulCdoCfw-bY
398918,5TbUxGZtwGI
398918,PZxyNX8J7Y4
398918,U7x9pTb9Lwg
398918,ZqOtqz8bSDk
398918,S-4rhjO6xYg
398918,fKuxh0E9mSI
398918,ssk48FCVolk
398918,K5lmXgKi6V0
226112,CwKp6Xhy3_4
226112,CvkOWb1U-LI
226112,S0eLwrrTBlc
226112,xLkHEZTSeoU
226112,_6lGaYh71g4
226112,zFuOksI6AVg
226112,pl-DjiO8das
226112,OAGfx7eB3gA
505581,qeWvgZLz9yU
505581,C7mxTEskjQg
505581,oxd0unpN_Hw
505581,nk3a7zq84Co
505581,EhSXsTSNDyo
505581,If-n27SUAl8
20775,fJe0cmOvM94
20775,GStMSkhmYEs
20775,gAcvbGuqG0Q
20775,_wNZbgBPz1Q
20775,U7x9pTb9Lwg
20775,tpa4kp4lK60
20775,lrWRy9BBp-c
20775,h-h5Mhlt6O0
339530,45tSUnisIos
339530,e5IRkF20JmU
339530,o7Ax6SRTGks
339530,fzmM0AB60QQ
339530,jpH-8HiMCRI
339530,3yy-dKTmyOo
339530,4cXsgT3ZcL8
11867,C_SJgw5MVFY
11867,9POblaMln4Q
11867,qF7SRQFd49E
11867,Qcj15vHJTtk
11867,86ysRAffCpI
11867,XXRBLyQQ78A
11867,nZM9Ko806Bg
11867,mhog9LEMCDY
11867,GeF_5qo00Uw
246476,FR5WT12B_88
246476,kD-_iyS95AQ
246476,s_LxZx42sIk
246476,7bDvhiHoH-c
246476,Kf2-86o5S1o
246476,xf4iv4ic70M
246476,e_7zHm7GsYc
246476,Wk6Z7HLpx8s
57544,BHloD113J54
57544,lk8lozFBXpo
57544,lOz7cPJQd8E
57544,dEs6-IfOGbw
57544,QXcbVHFE2bo
57544,XCrJ3NflOpE
74200,XAzqBDFs418
74200,7J4nN0Te9m8
74200,al2l6YLt7cg
74200,XCrJ3NflOpE
74200,SPD1v_8RQUY
74200,__1SjDrSMik
514739,ife5Zij94_E
514739,6EHbZKLkeMg
514739,_6lGaYh71g4
514739,S-4rhjO6xYg
514739,UOHURuAf5iY
514739,FlsCjmMhFmw
514739,y_WoOYybCro
514739,jCb-WcxO5SU
33936,BlHVpQfxJt4
33936,Hgc2njyY4Rs
33936,L3br0klRqF4
33936,_wNZbgBPz1Q
33936,S-4rhjO6xYg
33936,lOz7cPJQd8E
33936,BHloD113J54
9760,dEs6-IfOGbw
9760,4L-BPQVZYXM
9760,nRafaCcfrcI
9760,nk3a7zq84Co
9760,e0hO5fTGwPY
9760,9POblaMln4Q
9760,rYzLh2QuraQ
9760,lrWRy9BBp-c
9760,Pymm6cmE9uQ
268157,L3br0klRqF4
268157,7bDvhiHoH-c
268157,-xAMnJgc3oA
268157,nx1R-eHSkfM
268157,6EHbZKLkeMg
268157,MKc22HuE_94
41606,y_WoOYybCro
41606,5SNX4JuM39c
41606,-o7zywbiFVI
41606,RxlSl-kG3qg
41606,ife5Zij94_E
41606,16a1LttU5qc
41606,lBbSzQXQknw
41606,0gDVWPPgMKY
41606,VXQ1FD77egw
318518,ys6KVWA4okw
318518,v8VMdSQL50w
318518,5SNX4JuM39c
318518,QXcbVHFE2bo
318518,bcPTiiiYDs8
318518,LnA7Au-DLUM
318518,oFqHvacY9Kk
318518,lJmDmfQOWVw
318518,OZsYiWBgFOk
143016,LC3fWTXZXxE
143016,0bSE-rh7jFg
143016,OBOm_jatVCI
143016,6Y65fxIRs8Q
143016,p1jllz43xZE
143016,iNT-tPrz4OM
143016,894rSubVE5E
143016,Hgiu9cqph5Y
143016,jpH-8HiMCRI
42866,bEWLOo12UAU
42866,GStMSkhmYEs
42866,LnA7Au-DLUM
42866,Wk6Z7HLpx8s
42866,H-WEhug-up8
42866,HbKnEQdCjGg
42866,_6lGaYh71g4
42866,REbjfHF0N0s
42866,jsnyz__pc5M
42866,nZM9Ko806Bg
279205,VYOjWnS4cMY
279205,6gFj1XJ6b5o
279205,CT-orZzuN2A
279205,NZxVghfY6dk
279205,CvkOWb1U-LI
279205,OBOm_jatVCI
279205,_6lGaYh71g4
208704,__1SjDrSMik
208704,cgYHbIEZWW8
208704,5y0ARoVF6Qg
208704,hiGqKwy4yM0
208704,2BwxeOzSx8A
208704,BPmAxzEJpWA
208704,ryr75N0nki0
446971,kxkrdLI6e6M
446971,er2kQ21ZTG0
446971,y_WoOYybCro
446971,rZQepOFnYi8
446971,If-n27SUAl8
446971,QBzQeyHh0i8
446971,KQkkgD2p3Ow
446971,CVPp5FtQN8E
94093,ic1kMoM_kPw
94093,9DUfFHaUpxg
94093,C7mxTEskjQg
94093,OZsYiWBgFOk
94093,fRFCXQ3HgdY
94093,5XUwdZkM6N8
94093,0gDVWPPgMKY
94093,Bn02bclCu5A
74420,1h7KV2sjUWY
74420,TjXQzRWmb_I
74420,aEM2kOrrNJI
74420,enH3xA4mYcY
74420,U7x9pTb9Lwg
551600,REbjfHF0N0s
551600,PAHm7SEhhuw
551600,wAQ7autd61g
551600,H-WEhug-up8
551600,4ZO-jde2smo
551600,BHloD113J54
337486,QBzQeyHh0i8
337486,qeWvgZLz9yU
337486,CbWP9nvnRhw
337486,Pymm6cmE9uQ
337486,KQkkgD2p3Ow
337486,MSzytvDsPfo
337486,y_WoOYybCro
337486,5SNX4JuM39c
204324,GYLBjScgb7o
204324,e77J4g0LMOk
204324,dbMtuJ1tZnc
204324,gAcvbGuqG0Q
204324,56XbwQ59GbA
204324,DV1OqgHb3jc
204324,phXTecbj6NI
204324,Evz-ZQC8wss
204324,uA8GdJJqz_s
204324,7J4nN0Te9m8
431026,7J4nN0Te9m8
431026,tUbky9YzPZY
431026,sJzWZ1yXpek
431026,9POblaMln4Q
431026,nk3a7zq84Co
181680,o7Ax6SRTGks
181680,rYzLh2QuraQ
181680,ijUK3z5rt5s
181680,4ZO-jde2smo
181680,5llHhbYjBwY
181680,S-4rhjO6xYg
181680,gm5P74vcB84
181680,jCb-WcxO5SU
10140,VH-DA0YgHHU
10140,MaTSyJDoxPo
10140,lzuWvKn80V8
10140,fNVUTgd4pio
10140,ZcCp7488puc
10140,7J4nN0Te9m8
10140,SkcucKDrbOI
160414,-C5q3oir8gA
160414,bcPTiiiYDs8
160414,gm5P74vcB84
160414,Oc27GxSD_bI
160414,TTogFxTu_vA
160414,zPJl2e38S4g
160414,n6gD02uqx5Q
160414,5XUwdZkM6N8
242843,OAGfx7eB3gA
242843,GveWDLBmc8Y
242843,Pymm6cmE9uQ
242843,SPD1v_8RQUY
242843,HOxylh5runs
242843,YvEGAcgpwqQ
242843,mhog9LEMCDY
242843,894rSubVE5E
176400,rYcnh7hXOjE
176400,_fVUX6-7VKE
176400,lrWRy9BBp-c
176400,o7iL2KzDh38
176400,Txlk7PiHaGk
176400,MaTSyJDoxPo
176400,xYtsL9znopI
176400,cgYHbIEZWW8
176400,7J4nN0Te9m8
27408,IU-Fo-QEpOI
27408,ZcCp7488puc
27408,5y0ARoVF6Qg
27408,puqaWrEC7tY
27408,fKuxh0E9mSI
27408,DV1OqgHb3jc
27408,mHd8Ug4ljN4
27408,4HX6R88QZB0
27408,S-4rhjO6xYg
488620,SMvZa784oow
488620,af6L1jBZGYA
488620,7OsFH1XBUG8
488620,nranUeNkXpM
488620,jCb-WcxO5SU
488620,6Nr_xHolP1Q
488620,DMlITdf3w-o
488620,rZQepOFnYi8
601776,tpa4kp4lK60
601776,er2kQ21ZTG0
601776,CVPp5FtQN8E
601776,ulCdoCfw-bY
601776,F1b5ouja_VI
601776,8Ojf1RVqRn4
601776,oyC4lLTOyL8
601776,9JBKuNrd5m8
601776,pl-DjiO8das
601776,amtC28yfYCM
51500,q260bjSiyq0
51500,_oZIbFolJTw
51500,UZ47aQFp2TQ
51500,__1SjDrSMik
51500,_odvYvbW9VM
51500,WCKG9J1d5iE
51500,al2l6YLt7cg
51500,_6lGaYh71g4
247123,zNZJNlx4P80
247123,HbKnEQdCjGg
247123,hahlygBa6yQ
247123,D6Oy4LfoqsU
247123,4VDylTCCzOY
247123,QXcbVHFE2bo
247123,ryr75N0nki0
170810,ondQYFBvk6M
170810,86ysRAffCpI
170810,af6L1jBZGYA
170810,BHloD113J54
170810,V5cOvyDpWfM
170810,kUosDBUjq5A
170810,LU86T12xBQQ
170810,TjXQzRWmb_I
170810,CVPp5FtQN8E
170810,C_SJgw5MVFY
64997,JRocY48P0qA
64997,425M4M3Opkk
64997,QFfEtKvXMAs
64997,y_WoOYybCro
64997,_vrcsnkXCI8
7688,OBOm_jatVCI
7688,FlsCjmMhFmw
7688,e_7zHm7GsYc
7688,QBzQeyHh0i8
7688,5VGxDEh3F0g
7688,6VrqR_GfvzE
7688,9JBKuNrd5m8
7688,HgknAaKNaMM
7688,8jp3SxojXpU
7688,kxkrdLI6e6M
172975,dbMtuJ1tZnc
172975,PZxyNX8J7Y4
172975,H7gh2fmdjCU
172975,96oKlWv5wSo
172975,KORiXf-u21Y
172975,lYtllIKb70M
172975,6Nr_xHolP1Q
4324,SkcucKDrbOI
4324,JANApS0P4z8
4324,1qKBNKtzTWg
4324,C-DfipidnOE
4324,oRArmtMA9AI
4324,rzVJrBOsf0M
4324,VYOjWnS4cMY
4324,K0u_kAWLJOA
194084,p-OCfiglZRQ
194084,Kf2-86o5S1o
194084,6Nr_xHolP1Q
194084,s_LxZx42sIk
194084,rzVJrBOsf0M
194084,iZUfPIKbgUM
606793,BQC09Mdn24w
606793,UZ47aQFp2TQ
606793,FlsCjmMhFmw
606793,aEM2kOrrNJI
606793,ssk48FCVolk
606793,YfOHh5mt9SM
606793,qZHycHI3F1Q
606793,1purAy2MsOc
181853,lBHPVE3AI6Y
181853,y_WoOYybCro
181853,zNqSvg5qwGw
181853,Ev23TV62k08
181853,XCrJ3NflOpE
9171,nZM9Ko806Bg
9171,xYtsL9znopI
9171,894rSubVE5E
9171,7aRxsmfBDI0
9171,2nSXgn68gPQ
169237,pqzopUurZPc
169237,LC3fWTXZXxE
169237,ZcCp7488puc
169237,n5IdKE3rhII
169237,4L-BPQVZYXM
169237,4HX6R88QZB0
169237,MaTSyJDoxPo
169237,t1shnJT8NCY
511549,6Nr_xHolP1Q
511549,mHd8Ug4ljN4
511549,lYtllIKb70M
511549,iNT-tPrz4OM
511549,SPJsPQBnA2s
511549,lBbSzQXQknw
456141,FITSPSA8gQs
456141,rYcnh7hXOjE
456141,NjMd89dggAk
456141,5TbUxGZtwGI
456141,AFbu21AGSho
456141,oRArmtMA9AI
456141,_wNZbgBPz1Q
38361,D2mxKEa2xmA
38361,4cXsgT3ZcL8
38361,7OsFH1XBUG8
38361,WyZz9muaKFc
38361,AV5TOlGFHk0
38361,qF7SRQFd49E
38361,6Y65fxIRs8Q
38361,NWOz3OZ6J9M
38361,X9Qh8vsSE-c
38361,NZxVghfY6dk
235238,s_LxZx42sIk
235238,LC3fWTXZXxE
235238,tEnCoocmPQM
235238,WCKG9J1d5iE
235238,_oZIbFolJTw
235238,WyZz9muaKFc
212210,Up09AUDzLVI
212210,1purAy2MsOc
212210,aTvw9_dxBlk
212210,1RZYOeQeIXE
212210,9reizHjwuNY
212210,LnA7Au-DLUM
212210,tP214lJtKlM
212210,pl-DjiO8das
212210,2in8XqiElwc
212210,PeYARbPHcvk
94964,pFc6I0rgmgY
94964,MSzytvDsPfo
94964,OBOm_jatVCI
94964,SPJsPQBnA2s
94964,_PgMjA4x3rE
94964,Oc27GxSD_bI
94964,VH-DA0YgHHU
23403,hB07EJhMBRs
23403,MSzytvDsPfo
23403,ys6KVWA4okw
23403,80L97nV_vQc
23403,1qKBNKtzTWg
23403,zS5-hxARjJo
181087,-xAMnJgc3oA
181087,-BDImdAfodA
181087,MSzytvDsPfo
181087,SPJsPQBnA2s
181087,Oc27GxSD_bI
181087,zNZJNlx4P80
181087,nk3a7zq84Co
285112,al2l6YLt7cg
285112,Zn99TMv0vac
285112,WCKG9J1d5iE
285112,9POblaMln4Q
285112,zNqSvg5qwGw
285112,__-22AJoFxY
285112,p1jllz43xZE
285112,D6Oy4LfoqsU
439107,80L97nV_vQc
439107,OBOm_jatVCI
439107,NjMd89dggAk
439107,q260bjSiyq0
439107,lOz7cPJQd8E
439107,wc4v9uT6GWc
439107,-o7zywbiFVI
439107,Hgc2njyY4Rs
439107,hBvcngHRTFg
117095,MKc22HuE_94
117095,46KwY26PeOs
117095,r2ys-AimNbE
117095,6gFj1XJ6b5o
117095,6Nr_xHolP1Q
117095,ssk48FCVolk
117095,YF6xzqOfCD8
117095,prmQgSpV3fA
117095,p1jllz43xZE
117095,S-4rhjO6xYg
puqaWrEC7tY,ife5Zij94_E
S-4rhjO6xYg,puqaWrEC7tY
puqaWrEC7tY,nk3a7zq84Co
puqaWrEC7tY,PAHm7SEhhuw
46KwY26PeOs,puqaWrEC7tY
puqaWrEC7tY,Qcj15vHJTtk
puqaWrEC7tY,MSzytvDsPfo
vL2-H_0V7nw,puqaWrEC7tY
80L97nV_vQc,qeWvgZLz9yU
qeWvgZLz9yU,SFr0fCgrTNQ
PZxyNX8J7Y4,nRafaCcfrcI
BQC09Mdn24w,SMvZa784oow
BQC09Mdn24w,_vrcsnkXCI8
BQC09Mdn24w,hbcH02YynOA
BQC09Mdn24w,D6Oy4LfoqsU
BQC09Mdn24w,bqbWMgkvedI
AV5TOlGFHk0,I8TVdFbFMg4
JANApS0P4z8,0EPY1CKFecs
PzcaR1N0pTI,515lLZS082U
515lLZS082U,TjXQzRWmb_I
515lLZS082U,OZsYiWBgFOk
515lLZS082U,425M4M3Opkk
515lLZS082U,NZxVghfY6dk
515lLZS082U,puqaWrEC7tY
515lLZS082U,_NWs7ntMRBA
515lLZS082U,TsT5GLWgSkU
9POblaMln4Q,F1b5ouja_VI
F1b5ouja_VI,akNs04ef_Co
sJzWZ1yXpek,gm5P74vcB84
e5IRkF20JmU,TsT5GLWgSkU
e5IRkF20JmU,OZsYiWBgFOk
tUbky9YzPZY,e5IRkF20JmU
e5IRkF20JmU,akNs04ef_Co
KWn4JmiM2pM,al2l6YLt7cg
zFuOksI6AVg,KWn4JmiM2pM
FlsCjmMhFmw,KWn4JmiM2pM
XbuQAbG2AZ0,UYDAgS2Mr6M
5VGxDEh3F0g,TsT5GLWgSkU
SkcucKDrbOI,TsT5GLWgSkU
t_bnyOOFDNM,TsT5GLWgSkU
lrWRy9BBp-c,TsT5GLWgSkU
OZsYiWBgFOk,TsT5GLWgSkU
UZ47aQFp2TQ,TsT5GLWgSkU
X9Qh8vsSE-c,SFr0fCgrTNQ
9JBKuNrd5m8,SFr0fCgrTNQ
80L97nV_vQc,SFr0fCgrTNQ
o7iL2KzDh38,oRArmtMA9AI
YML2DM0K8DQ,7NcVNt7zQJM
fNVUTgd4pio,7NcVNt7zQJM
H7gh2fmdjCU,7NcVNt7zQJM
pFc6I0rgmgY,hBvcngHRTFg
c3BTGJgd8Wo,6EHbZKLkeMg
c3BTGJgd8Wo,NWOz3OZ6J9M
c3BTGJgd8Wo,FBhVIhmh_N8
c3BTGJgd8Wo,cgYHbIEZWW8
c3BTGJgd8Wo,kD-_iyS95AQ
c3BTGJgd8Wo,af6L1jBZGYA
-C5q3oir8gA,bqbWMgkvedI
tUbky9YzPZY,bqbWMgkvedI
bqbWMgkvedI,c835XURBeLQ
D8PXRnN0KPU,TjXQzRWmb_I
GeF_5qo00Uw,D8PXRnN0KPU
D8PXRnN0KPU,OZsYiWBgFOk
D8PXRnN0KPU,NZxVghfY6dk
D8PXRnN0KPU,Hgc2njyY4Rs
zFuOksI6AVg,D8PXRnN0KPU
515lLZS082U,D8PXRnN0KPU
D8PXRnN0KPU,_YSVbM1saXM
S-4rhjO6xYg,nk3a7zq84Co
S-4rhjO6xYg,46KwY26PeOs
vL2-H_0V7nw,S-4rhjO6xYg
S-4rhjO6xYg,Hgc2njyY4Rs
S-4rhjO6xYg,lJkXbzQPIkM
S-4rhjO6xYg,X9Qh8vsSE-c
9POblaMln4Q,S-4rhjO6xYg
JlcJaCS4BPM,v8VMdSQL50w
cgYHbIEZWW8,-o7zywbiFVI
pMpQABKlC-I,lzuWvKn80V8
vL2-H_0V7nw,lzuWvKn80V8
qT0mpVcH3ZU,lzuWvKn80V8
kzFHjyysXr0,lzuWvKn80V8
0EPY1CKFecs,lzuWvKn80V8
lzuWvKn80V8,Qcj15vHJTtk
lzuWvKn80V8,MSzytvDsPfo
jpH-8HiMCRI,QXcbVHFE2bo
QXcbVHFE2bo,xLkHEZTSeoU
QXcbVHFE2bo,kUosDBUjq5A
TTogFxTu_vA,QXcbVHFE2bo
ODLwIlXK-9o,QXcbVHFE2bo
QXcbVHFE2bo,GStMSkhmYEs
X9Qh8vsSE-c,QXcbVHFE2bo
Hgiu9cqph5Y,QXcbVHFE2bo
FITSPSA8gQs,-BDImdAfodA
pMpQABKlC-I,kzFHjyysXr0
9POblaMln4Q,kzFHjyysXr0
kzFHjyysXr0,Eswl8SSywzA
vL2-H_0V7nw,lJkXbzQPIkM
lJkXbzQPIkM,XzzQL96yAwE
lYtllIKb70M,lJkXbzQPIkM
46KwY26PeOs,lJkXbzQPIkM
lJkXbzQPIkM,rYzLh2QuraQ
fJe0cmOvM94,lJkXbzQPIkM
Mjl4OReUX-c,lJkXbzQPIkM
Hgiu9cqph5Y,xLkHEZTSeoU
SPJsPQBnA2s,xLkHEZTSeoU
jpH-8HiMCRI,xLkHEZTSeoU
kUosDBUjq5A,xLkHEZTSeoU
TTogFxTu_vA,xLkHEZTSeoU
ODLwIlXK-9o,xLkHEZTSeoU
xLkHEZTSeoU,GStMSkhmYEs
NWOz3OZ6J9M,0bSE-rh7jFg
prmQgSpV3fA,Qcj15vHJTtk
prmQgSpV3fA,MSzytvDsPfo
prmQgSpV3fA,j4KvrAUjn6c
oxd0unpN_Hw,CwKp6Xhy3_4
xPsEiZAOb_I,c835XURBeLQ
Mjl4OReUX-c,c835XURBeLQ
c835XURBeLQ,D6Oy4LfoqsU
U7x9pTb9Lwg,c835XURBeLQ
TTogFxTu_vA,ODLwIlXK-9o
96oKlWv5wSo,ODLwIlXK-9o
Hgiu9cqph5Y,ODLwIlXK-9o
jpH-8HiMCRI,ODLwIlXK-9o
zFuOksI6AVg,PzcaR1N0pTI
zFuOksI6AVg,OZsYiWBgFOk
zFuOksI6AVg,SkcucKDrbOI
zFuOksI6AVg,515lLZS082U
ife5Zij94_E,UelDrZ1aFeY
8Ojf1RVqRn4,Pymm6cmE9uQ
2BwxeOzSx8A,Pymm6cmE9uQ
Pymm6cmE9uQ,SkcucKDrbOI
Pymm6cmE9uQ,pFc6I0rgmgY
GYLBjScgb7o,Uv2LvQ0FEvo
tEnCoocmPQM,6VrqR_GfvzE
HbKnEQdCjGg,6VrqR_GfvzE
U7x9pTb9Lwg,lYtllIKb70M
U7x9pTb9Lwg,Mjl4OReUX-c
U7x9pTb9Lwg,QBzQeyHh0i8
U7x9pTb9Lwg,K5lmXgKi6V0
Qcj15vHJTtk,MSzytvDsPfo
Evz-ZQC8wss,MSzytvDsPfo
XzzQL96yAwE,MSzytvDsPfo
vL2-H_0V7nw,MSzytvDsPfo
0EPY1CKFecs,MSzytvDsPfo
S-4rhjO6xYg,MSzytvDsPfo
Mjl4OReUX-c,MUWUHf-rzks
0EPY1CKFecs,MUWUHf-rzks
akNs04ef_Co,MUWUHf-rzks
pMpQABKlC-I,9POblaMln4Q
V_jU_ssWvc4,kD-_iyS95AQ
af6L1jBZGYA,V_jU_ssWvc4
V_jU_ssWvc4,amtC28yfYCM
V_jU_ssWvc4,K5lmXgKi6V0
V_jU_ssWvc4,QBzQeyHh0i8
V_jU_ssWvc4,p1jllz43xZE
V_jU_ssWvc4,Evz-ZQC8wss
V_jU_ssWvc4,Qcj15vHJTtk
46KwY26PeOs,nranUeNkXpM
vL2-H_0V7nw,nranUeNkXpM
Hgc2njyY4Rs,nranUeNkXpM
lJkXbzQPIkM,nranUeNkXpM
p1jllz43xZE,nranUeNkXpM
QBzQeyHh0i8,nranUeNkXpM
0EPY1CKFecs,nranUeNkXpM
K5lmXgKi6V0,nranUeNkXpM
GYLBjScgb7o,sJzWZ1yXpek
SPD1v_8RQUY,sJzWZ1yXpek
mHd8Ug4ljN4,sJzWZ1yXpek
Hgc2njyY4Rs,xPsEiZAOb_I
Hgc2njyY4Rs,Evz-ZQC8wss
Hgc2njyY4Rs,nk3a7zq84Co
Hgc2njyY4Rs,QBzQeyHh0i8
46KwY26PeOs,Hgc2njyY4Rs
vL2-H_0V7nw,Hgc2njyY4Rs
lYtllIKb70M,XzzQL96yAwE
lYtllIKb70M,Mjl4OReUX-c
lYtllIKb70M,QBzQeyHh0i8
lYtllIKb70M,K5lmXgKi6V0
bS_Zr-Hu4Mw,D6Oy4LfoqsU
er2kQ21ZTG0,bS_Zr-Hu4Mw
GveWDLBmc8Y,bS_Zr-Hu4Mw
kUosDBUjq5A,GStMSkhmYEs
dEs6-IfOGbw,GStMSkhmYEs
SPJsPQBnA2s,GStMSkhmYEs
LnA7Au-DLUM,GStMSkhmYEs
96oKlWv5wSo,GStMSkhmYEs
Hgiu9cqph5Y,GStMSkhmYEs
y_WoOYybCro,_YSVbM1saXM
hahlygBa6yQ,_YSVbM1saXM
_YSVbM1saXM,er2kQ21ZTG0
5TbUxGZtwGI,_YSVbM1saXM
qT0mpVcH3ZU,vug4bROR79I
qT0mpVcH3ZU,qK11sSjEM3c
vL2-H_0V7nw,qT0mpVcH3ZU
qT0mpVcH3ZU,ZqOtqz8bSDk
qT0mpVcH3ZU,0EPY1CKFecs
46KwY26PeOs,qT0mpVcH3ZU
qT0mpVcH3ZU,kA66nAvEEII
6EHbZKLkeMg,NWOz3OZ6J9M
6EHbZKLkeMg,FBhVIhmh_N8
6EHbZKLkeMg,cgYHbIEZWW8
6EHbZKLkeMg,kD-_iyS95AQ
6EHbZKLkeMg,af6L1jBZGYA
SPJsPQBnA2s,Hgiu9cqph5Y
7LjC-nUPrNg,fJe0cmOvM94
fJe0cmOvM94,rYzLh2QuraQ
XzzQL96yAwE,rYzLh2QuraQ
sYvH7Y16iUM,80L97nV_vQc
6gFj1XJ6b5o,tUbky9YzPZY
__-22AJoFxY,HgknAaKNaMM
__-22AJoFxY,8ll04Zzw5UM
GveWDLBmc8Y,Eswl8SSywzA
DmWm3ar0PiQ,Eswl8SSywzA
dDZoGcQVjJg,Eswl8SSywzA
Eswl8SSywzA,WyZz9muaKFc
Eswl8SSywzA,ys6KVWA4okw
GYLBjScgb7o,Eswl8SSywzA
pqzopUurZPc,C7mxTEskjQg
pqzopUurZPc,56XbwQ59GbA
cgYHbIEZWW8,ic1kMoM_kPw
Oc27GxSD_bI,JefYnYIXY_8
Oc27GxSD_bI,hB07EJhMBRs
Oc27GxSD_bI,r-8NzNW6mXs
Oc27GxSD_bI,9reizHjwuNY
t_bnyOOFDNM,lrWRy9BBp-c
UZ47aQFp2TQ,lrWRy9BBp-c
894rSubVE5E,lrWRy9BBp-c
_fVUX6-7VKE,Wk6Z7HLpx8s
xPsEiZAOb_I,Mjl4OReUX-c
xPsEiZAOb_I,Evz-ZQC8wss
xPsEiZAOb_I,XzzQL96yAwE
S-4rhjO6xYg,xPsEiZAOb_I
nk3a7zq84Co,xPsEiZAOb_I
0EPY1CKFecs,xPsEiZAOb_I
46KwY26PeOs,xPsEiZAOb_I
iNT-tPrz4OM,MSzytvDsPfo
dEs6-IfOGbw,akNs04ef_Co
LC3fWTXZXxE,akNs04ef_Co
5TbUxGZtwGI,akNs04ef_Co
u7KZrt_cHH0,xqj7XOv9mC8
u7KZrt_cHH0,kfOeQj7HsCE
46KwY26PeOs,nk3a7zq84Co
vL2-H_0V7nw,nk3a7zq84Co
nk3a7zq84Co,lJkXbzQPIkM
X9Qh8vsSE-c,nk3a7zq84Co
9POblaMln4Q,nk3a7zq84Co
o7Ax6SRTGks,MaTSyJDoxPo
o7Ax6SRTGks,LU86T12xBQQ
zS5-hxARjJo,o7Ax6SRTGks
DmWm3ar0PiQ,o7Ax6SRTGks
o7Ax6SRTGks,1purAy2MsOc
tEnCoocmPQM,HbKnEQdCjGg
al2l6YLt7cg,-BDImdAfodA
mhog9LEMCDY,-BDImdAfodA
zS5-hxARjJo,MaTSyJDoxPo
vug4bROR79I,qK11sSjEM3c
ZqOtqz8bSDk,qK11sSjEM3c
kA66nAvEEII,qK11sSjEM3c
V5cOvyDpWfM,qK11sSjEM3c
8Ojf1RVqRn4,TjXQzRWmb_I
8Ojf1RVqRn4,NZxVghfY6dk
2BwxeOzSx8A,8Ojf1RVqRn4
8Ojf1RVqRn4,SkcucKDrbOI
8Ojf1RVqRn4,pFc6I0rgmgY
8Ojf1RVqRn4,OZsYiWBgFOk
8Ojf1RVqRn4,fzmM0AB60QQ
9reizHjwuNY,XCrJ3NflOpE
9reizHjwuNY,r-8NzNW6mXs
9reizHjwuNY,7OsFH1XBUG8
9reizHjwuNY,JefYnYIXY_8
9reizHjwuNY,O4_JNAFClFk
9reizHjwuNY,hB07EJhMBRs
9reizHjwuNY,ulCdoCfw-bY
fJe0cmOvM94,XzzQL96yAwE
46KwY26PeOs,SPD1v_8RQUY
0EPY1CKFecs,SPD1v_8RQUY
1purAy2MsOc,MaTSyJDoxPo
Mjl4OReUX-c,MaTSyJDoxPo
5TbUxGZtwGI,er2kQ21ZTG0
er2kQ21ZTG0,WyZz9muaKFc
jsnyz__pc5M,FBhVIhmh_N8
af6L1jBZGYA,kD-_iyS95AQ
af6L1jBZGYA,amtC28yfYCM
af6L1jBZGYA,K5lmXgKi6V0
af6L1jBZGYA,QBzQeyHh0i8
af6L1jBZGYA,p1jllz43xZE
af6L1jBZGYA,NWOz3OZ6J9M
GveWDLBmc8Y,5XUwdZkM6N8
GveWDLBmc8Y,7OsFH1XBUG8
GveWDLBmc8Y,jpH-8HiMCRI
GveWDLBmc8Y,WyZz9muaKFc
DmWm3ar0PiQ,X9Qh8vsSE-c
DmWm3ar0PiQ,rZQepOFnYi8
DmWm3ar0PiQ,_PgMjA4x3rE
DmWm3ar0PiQ,7OsFH1XBUG8
DmWm3ar0PiQ,jpH-8HiMCRI
DmWm3ar0PiQ,LU86T12xBQQ
Mjl4OReUX-c,XzzQL96yAwE
Mjl4OReUX-c,Evz-ZQC8wss
S-4rhjO6xYg,Mjl4OReUX-c
nk3a7zq84Co,Mjl4OReUX-c
5VGxDEh3F0g,BHloD113J54
qT0mpVcH3ZU,BHloD113J54
hHFuZVGpBC0,7OsFH1XBUG8
X9Qh8vsSE-c,7OsFH1XBUG8
r-8NzNW6mXs,7OsFH1XBUG8
7OsFH1XBUG8,WyZz9muaKFc
cgYHbIEZWW8,hB07EJhMBRs
cgYHbIEZWW8,NWOz3OZ6J9M
X9Qh8vsSE-c,rZQepOFnYi8
0EPY1CKFecs,rZQepOFnYi8
QAt8kU3TQfQ,ulCdoCfw-bY
QAt8kU3TQfQ,XCrJ3NflOpE
9reizHjwuNY,QAt8kU3TQfQ
FR5WT12B_88,qZHycHI3F1Q
5llHhbYjBwY,V5cOvyDpWfM
V5cOvyDpWfM,vug4bROR79I
V5cOvyDpWfM,kA66nAvEEII
V5cOvyDpWfM,ZqOtqz8bSDk
V5cOvyDpWfM,qT0mpVcH3ZU
phXTecbj6NI,LU86T12xBQQ
vug4bROR79I,kA66nAvEEII
ZqOtqz8bSDk,kA66nAvEEII
tUbky9YzPZY,y_WoOYybCro
tUbky9YzPZY,hahlygBa6yQ
2nSXgn68gPQ,sYvH7Y16iUM
7bDvhiHoH-c,kUosDBUjq5A
TTogFxTu_vA,7bDvhiHoH-c
7bDvhiHoH-c,xLkHEZTSeoU
jpH-8HiMCRI,7bDvhiHoH-c
JefYnYIXY_8,hB07EJhMBRs
r-8NzNW6mXs,hB07EJhMBRs
894rSubVE5E,t_bnyOOFDNM
894rSubVE5E,UZ47aQFp2TQ
LnA7Au-DLUM,dEs6-IfOGbw
AFbu21AGSho,C7mxTEskjQg
56XbwQ59GbA,C7mxTEskjQg
mHd8Ug4ljN4,CvkOWb1U-LI
PzcaR1N0pTI,mHd8Ug4ljN4
PzcaR1N0pTI,425M4M3Opkk
PzcaR1N0pTI,SkcucKDrbOI
PzcaR1N0pTI,OZsYiWBgFOk
425M4M3Opkk,SkcucKDrbOI
425M4M3Opkk,fzmM0AB60QQ
NZxVghfY6dk,fzmM0AB60QQ
lD1mPectYOM,fzmM0AB60QQ
TjXQzRWmb_I,fzmM0AB60QQ
OZsYiWBgFOk,fzmM0AB60QQ
O4_JNAFClFk,fzmM0AB60QQ
2BwxeOzSx8A,fzmM0AB60QQ
OBOm_jatVCI,M61Vt1C69JA
Es9CfWMmPRU,OBOm_jatVCI
OBOm_jatVCI,ys6KVWA4okw
7aRxsmfBDI0,OBOm_jatVCI
ZqOtqz8bSDk,vug4bROR79I
hbcH02YynOA,FhllRWReNEE
Es9CfWMmPRU,M61Vt1C69JA
M61Vt1C69JA,ys6KVWA4okw
7aRxsmfBDI0,M61Vt1C69JA
Evz-ZQC8wss,XzzQL96yAwE
vL2-H_0V7nw,Evz-ZQC8wss
Evz-ZQC8wss,Qcj15vHJTtk
S-4rhjO6xYg,Evz-ZQC8wss
vL2-H_0V7nw,46KwY26PeOs
_PgMjA4x3rE,46KwY26PeOs
46KwY26PeOs,1RZYOeQeIXE
46KwY26PeOs,QBzQeyHh0i8
_vrcsnkXCI8,D6Oy4LfoqsU
OZsYiWBgFOk,SkcucKDrbOI
TjXQzRWmb_I,OZsYiWBgFOk
amtC28yfYCM,kD-_iyS95AQ
K5lmXgKi6V0,kD-_iyS95AQ
QBzQeyHh0i8,kD-_iyS95AQ
p1jllz43xZE,kD-_iyS95AQ
NWOz3OZ6J9M,kD-_iyS95AQ
vDtyaRoonx4,PAHm7SEhhuw
TjXQzRWmb_I,NZxVghfY6dk
2BwxeOzSx8A,NZxVghfY6dk
NZxVghfY6dk,pFc6I0rgmgY
OZsYiWBgFOk,NZxVghfY6dk
mhog9LEMCDY,_NWs7ntMRBA
JefYnYIXY_8,r-8NzNW6mXs
r-8NzNW6mXs,AFbu21AGSho
r-8NzNW6mXs,WyZz9muaKFc
vL2-H_0V7nw,0EPY1CKFecs
46KwY26PeOs,0EPY1CKFecs
0EPY1CKFecs,lJkXbzQPIkM
0EPY1CKFecs,Evz-ZQC8wss
0EPY1CKFecs,XzzQL96yAwE
LC3fWTXZXxE,WyZz9muaKFc
PAHm7SEhhuw,YvEGAcgpwqQ
ssk48FCVolk,YvEGAcgpwqQ
MKc22HuE_94,1RZYOeQeIXE
MKc22HuE_94,nk3a7zq84Co
K5lmXgKi6V0,QBzQeyHh0i8
vL2-H_0V7nw,QBzQeyHh0i8
amtC28yfYCM,QBzQeyHh0i8
WyZz9muaKFc,rzVJrBOsf0M
m7lFyINZlBs,FBhVIhmh_N8
96oKlWv5wSo,TTogFxTu_vA
jpH-8HiMCRI,TTogFxTu_vA
S0OICOBR19Q,5TbUxGZtwGI
5TbUxGZtwGI,ulCdoCfw-bY
5TbUxGZtwGI,Hgc2njyY4Rs
5TbUxGZtwGI,0EPY1CKFecs
9reizHjwuNY,5TbUxGZtwGI
45tSUnisIos,H-WEhug-up8
OAGfx7eB3gA,H-WEhug-up8
96oKlWv5wSo,kUosDBUjq5A
jpH-8HiMCRI,kUosDBUjq5A
Hgiu9cqph5Y,jpH-8HiMCRI
_PgMjA4x3rE,1RZYOeQeIXE
_PgMjA4x3rE,PAHm7SEhhuw
AFbu21AGSho,56XbwQ59GbA
V_jU_ssWvc4,NWOz3OZ6J9M
y_WoOYybCro,FBhVIhmh_N8
jpH-8HiMCRI,WyZz9muaKFc
kfOeQj7HsCE,xqj7XOv9mC8
9POblaMln4Q,46KwY26PeOs
9POblaMln4Q,vL2-H_0V7nw
9POblaMln4Q,Hgc2njyY4Rs
7aRxsmfBDI0,Es9CfWMmPRU
vL2-H_0V7nw,XzzQL96yAwE
Qcj15vHJTtk,XzzQL96yAwE
S-4rhjO6xYg,XzzQL96yAwE
ssk48FCVolk,PAHm7SEhhuw
Qcj15vHJTtk,PAHm7SEhhuw
Evz-ZQC8wss,PAHm7SEhhuw
XzzQL96yAwE,PAHm7SEhhuw
S-4rhjO6xYg,PAHm7SEhhuw
PZxyNX8J7Y4,X9Qh8vsSE-c
PZxyNX8J7Y4,xPsEiZAOb_I
PZxyNX8J7Y4,QBzQeyHh0i8
PZxyNX8J7Y4,0EPY1CKFecs
S-4rhjO6xYg,PZxyNX8J7Y4
PZxyNX8J7Y4,Qcj15vHJTtk
PZxyNX8J7Y4,MSzytvDsPfo
jpH-8HiMCRI,nk3a7zq84Co
X9Qh8vsSE-c,jpH-8HiMCRI
NukmFF__G-g,UZ47aQFp2TQ
2BwxeOzSx8A,SkcucKDrbOI
2BwxeOzSx8A,pFc6I0rgmgY
Es9CfWMmPRU,ys6KVWA4okw
UZ47aQFp2TQ,t_bnyOOFDNM
VYOjWnS4cMY,pFc6I0rgmgY
8h--kFui1JA,H7gh2fmdjCU
y_WoOYybCro,K5lmXgKi6V0
y_WoOYybCro,p1jllz43xZE
1RZYOeQeIXE,Qcj15vHJTtk
1RZYOeQeIXE,MSzytvDsPfo
K5lmXgKi6V0,1RZYOeQeIXE
PZxyNX8J7Y4,1RZYOeQeIXE
SkcucKDrbOI,pFc6I0rgmgY
vL2-H_0V7nw,Qcj15vHJTtk
0EPY1CKFecs,Qcj15vHJTtk
Ji_4dH_FXzw,lBbSzQXQknw
p1jllz43xZE,amtC28yfYCM
K5lmXgKi6V0,amtC28yfYCM
amtC28yfYCM,Qcj15vHJTtk
46KwY26PeOs,p1jllz43xZE
vL2-H_0V7nw,p1jllz43xZE
p1jllz43xZE,lJkXbzQPIkM
X9Qh8vsSE-c,QBzQeyHh0i8
46KwY26PeOs,X9Qh8vsSE-c
K5lmXgKi6V0,X9Qh8vsSE-c
46KwY26PeOs,K5lmXgKi6V0
vL2-H_0V7nw,K5lmXgKi6V0
K5lmXgKi6V0,Hgc2njyY4Rs
