id,name
543246,User_543246
134091,User_134091
577292,User_577292
438558,User_438558
40404,User_40404
22954,User_22954
410420,User_410420
113534,User_113534
13772,User_13772
125689,User_125689
87395,User_87395
4295,User_4295
397186,User_397186
146322,User_146322
170638,User_170638
435982,User_435982
105466,User_105466
391585,User_391585
265403,User_265403
248149,User_248149
35778,User_35778
113498,User_113498
480182,User_480182
170930,User_170930
355620,User_355620
125478,User_125478
446987,User_446987
774,User_774
26667,User_26667
218602,User_218602
69545,User_69545
184824,User_184824
287868,User_287868
169749,User_169749
68271,User_68271
148250,User_148250
14945,User_14945
208683,User_208683
278190,User_278190
74011,User_74011
201426,User_201426
129825,User_129825
180974,User_180974
398918,User_398918
226112,User_226112
505581,User_505581
20775,User_20775
339530,User_339530
11867,User_11867
246476,User_246476
57544,User_57544
74200,User_74200
514739,User_514739
33936,User_33936
9760,User_9760
268157,User_268157
41606,User_41606
318518,User_318518
143016,User_143016
42866,User_42866
279205,User_279205
208704,User_208704
446971,User_446971
94093,User_94093
74420,User_74420
551600,User_551600
337486,User_337486
204324,User_204324
431026,User_431026
181680,User_181680
10140,User_10140
160414,User_160414
242843,User_242843
176400,User_176400
27408,User_27408
488620,User_488620
601776,User_601776
51500,User_51500
247123,User_247123
170810,User_170810
64997,User_64997
7688,User_7688
172975,User_172975
4324,User_4324
194084,User_194084
606793,User_606793
181853,User_181853
9171,User_9171
169237,User_169237
511549,User_511549
456141,User_456141
38361,User_38361
235238,User_235238
212210,User_212210
94964,User_94964
23403,User_23403
181087,User_181087
285112,User_285112
439107,User_439107
117095,User_117095
