id,original_id,display_name,channel,views,likes,tags
D_CZ8v9uZJY,D_CZ8v9uZJY,FULL FACE OF MAKEUP IM THROWING OUT 2018,Laura Lee,1179451.0,56241.0,make up|makeup tutorial
SPD1v_8RQUY,SPD1v_8RQUY,Getting Recognized at Disneyland,itsAlexClark,566206.0,18202.0,animated|animation|cartoon|disney|disneyland|vlogs
Xpv-sEKl1B4,Xpv-sEKl1B4,"Why You Should Wake Up at 4:30 AM Every Day, Accor",Business Insider,3688037.0,73439.0,
OTEIbWy8AvY,OTEIbWy8AvY,Interstellar Travel with Wendover and Neil Tyson,StarTalk,236942.0,8239.0,innovation|science|spacex
AFbu21AGSho,AFbu21AGSho,Watch a Hercules Beetle Metamorphose Before Your E,Nat Geo WILD,912852.0,15611.0,animals|discover|documentary|hercules|insect|natgeo|national geographic|nature|science|transformation|wildlife
b191evqWAwE,b191evqWAwE,Game Rewind: Watch Loyola Chicago advance to their,NCAA March Madness,271503.0,1866.0,
CvkOWb1U-LI,CvkOWb1U-LI,Why Are Progress Bars Wrong So Often?,Techquickie,282309.0,12547.0,frozen|slow|stuck|time
q260bjSiyq0,q260bjSiyq0,The Floppotron: Toto - Africa,Paweł Zadrożniak,322502.0,15436.0,arduino
pMpQABKlC-I,pMpQABKlC-I,How To Speak Internet 101 (ft. Will Smith),IISuperwomanII,3691632.0,226845.0,comedy|lilly singh|skit|types of people|will|will smith
O4_JNAFClFk,O4_JNAFClFk,NASA Launches InSight to Mars (part 1),NASA Jet Propulsion Laboratory,248524.0,2424.0,live|mars|rocket|space|television
Hgiu9cqph5Y,Hgiu9cqph5Y,A Japanese Take on American Sushi,JunsKitchen,2576471.0,124891.0,american|cat|cook|cooking|food|japan|kitchen|sushi
FITSPSA8gQs,FITSPSA8gQs,Camila Cabello - Never Be the Same (Audio),CamilaCabelloVEVO,6062169.0,363560.0,camila cabello|inside out|pop
8pffcngJJq0,8pffcngJJq0,Relay attack Solihull,West Midlands Police,505104.0,378.0,
0bSE-rh7jFg,0bSE-rh7jFg,When the girl you're wrestling has a tough little ,RM Videos,817094.0,854.0,epic|video|viral
dbMtuJ1tZnc,dbMtuJ1tZnc,Karl Pilkington predicts Black Mirror (spoilers),matt,666665.0,12417.0,black mirror
bS_Zr-Hu4Mw,bS_Zr-Hu4Mw,Blonde to Black Hair with Grav3yardgirl,Guy Tang,1012514.0,28334.0,balayage|diy|do it yourself|hair|hair color|hair stylist|hair tutorial|houston|joey graceffa|trl|tutorial|youtuber
UOHURuAf5iY,UOHURuAf5iY,Questions about Concrete Answered - The Basics,Practical Engineering,227784.0,13027.0,hydraulic press
2in8XqiElwc,2in8XqiElwc,Nicki Minaj - Chun-Li (Live on SNL / 2018),NickiMinajAtVEVO,4670928.0,184818.0,
CVPp5FtQN8E,CVPp5FtQN8E,Disney Princess Hand Pies,Pies Are Awesome,1776.0,17.0,
hHFuZVGpBC0,hHFuZVGpBC0,Crushing and Slicing Red Hot Steel with Hydraulic ,Hydraulic Press Channel,591674.0,10770.0,amazing|experiment|extreme|hack|winter
LnA7Au-DLUM,LnA7Au-DLUM,Meat Expert Guesses Cheap vs Expensive Deli Meats ,Epicurious,1745551.0,24903.0,cheap|cooking|recipes|taste test
flLc6LmAG6c,flLc6LmAG6c,HONNE - Location Unknown ◐ (feat. Georgia),H O N N E,512846.0,13597.0,
SMvZa784oow,SMvZa784oow,My Everyday 10 Minute Makeup Tutorial | UPDATED,Laura Lee,572110.0,29364.0,easy makeup|everyday|makeup tutorial
PZxyNX8J7Y4,PZxyNX8J7Y4,Liza Koshy & Gabbie Hanna Become Mermaids IRL | Li,TRL,1652804.0,59604.0,comedian|comedy|fail|funny|hilarious|irl|live|liza koshy|lizzza|mtv|original|parody|singer|songwriter|star|youtuber
baj6llvgpWA,baj6llvgpWA,Justin Timberlake - Man of the Woods (Official Vid,justintimberlakeVEVO,5406421.0,119342.0,justin timberlake|pop|rca records label
D2mxKEa2xmA,D2mxKEa2xmA,10 Most Devastating Cyber Attacks in History,MatthewSantoro,218721.0,7893.0,
qeWvgZLz9yU,qeWvgZLz9yU,A Smart... MUG?! - Take apart a Heated Thermos!,JerryRigEverything,256761.0,13909.0,christmas|tech|technology|unboxing|winter
U7x9pTb9Lwg,U7x9pTb9Lwg,Still to Come this Season on Keeping Up With the K,E! Entertainment,69862.0,550.0,celebrity|celebrity news|comedy|family|kanye west
96oKlWv5wSo,96oKlWv5wSo,AMAZING All You Can Eat  BBQ KEBAB Buffet in India,Strictly Dumpling,581614.0,12369.0,curry|food porn|foodie|india|indian food
dDZoGcQVjJg,dDZoGcQVjJg,A one-man musical phenomenon | Jacob Collier,TED,35876.0,1671.0,art|music|singer
7bDvhiHoH-c,7bDvhiHoH-c,Seafood Sausage - Food Wishes - Fish Sausage Recip,Food Wishes,186548.0,6260.0,chef|fish|john|low|recipe|recipes|sausage
ODLwIlXK-9o,ODLwIlXK-9o,How Masterchef Hugo Ortega Went from Dishwasher to,Eater,24860.0,702.0,dish|eating|food|food porn|foodie|mexican food|news|recipe|restaurant|review|sushi
b03U6BYF9L0,b03U6BYF9L0,Debunking Anti-Vaxxers,AsapSCIENCE,790912.0,48896.0,
EhSXsTSNDyo,EhSXsTSNDyo,5 Seconds Of Summer - Want You Back (Official Vide,5SOSVEVO,4611406.0,346614.0,back|calum|luke|official|official video|video|you
kce9FMxx-04,kce9FMxx-04,The Twelfth Doctor Regenerates: Peter Capaldi to J,BBC,1461207.0,18543.0,
zPJl2e38S4g,zPJl2e38S4g,Walk it like I talk it - Wocket in my pocket - Mig,ScatterBrain News,2154665.0,159414.0,rap
L3br0klRqF4,L3br0klRqF4,Watch live: Sessions testifies to the House Judici,Washington Post,137003.0,580.0,breaking news
fJe0cmOvM94,fJe0cmOvM94,Match the Job to the Person | Lineup | Cut,Cut,2073539.0,55456.0,challenges|dating|experiments|games|interviews|kids|kids try|love|people|relationships
al2l6YLt7cg,al2l6YLt7cg,"NCT 127 on Latest Single 'Touch', New Album 'NCT 1",Billboard,334967.0,41905.0,2018|album|english|interview|korean|kpop|music|official|pop
ANDqRchWuMc,ANDqRchWuMc,Westworld - Season  1 Review,Jeremy Jahns,176772.0,8975.0,movie|review|robot|series
p-OCfiglZRQ,p-OCfiglZRQ,Can Light be Black? Mind-Blowing Dark Light Experi,The Action Lab,2786923.0,53689.0,how to|iron man|king of random|life hacks
QXcbVHFE2bo,QXcbVHFE2bo,How-To Make Chocolate Mousse with Matty Matheson,Munchies,442698.0,14407.0,chef|chocolate|cooking|documentary|eating|exclusive|food|funny|how to|interview|interviews|restaurant|travel|world
fVVS9Tng7C0,fVVS9Tng7C0,See Lala And Kway's Epic And Hilarious Dance-Off |,BETNetworks,198051.0,4657.0,
45tSUnisIos,45tSUnisIos,5 Signs You Work With Cats,Cole and Marmalade,169542.0,11543.0,cats|fail|kittens|the office
Ji_4dH_FXzw,Ji_4dH_FXzw,2018 Preakness Stakes I FULL RACE I NBC Sports,NBC Sports,649426.0,2296.0,2018|winner
ic1kMoM_kPw,ic1kMoM_kPw,Dylan Farrow details her sexual assault allegation,CBS This Morning,173889.0,846.0,news|video
OBOm_jatVCI,OBOm_jatVCI,Blind Fast Food Sub Sandwich Taste Test,Good Mythical Morning,2215447.0,39203.0,link|rhett|rhett and link|season 13
sJzWZ1yXpek,sJzWZ1yXpek,Hot Wheels in the Garden,5MadMovieMakers,502880.0,5551.0,build|design|disney|disneyland|diy|drop|review|science|toy|universal|wood
Es9CfWMmPRU,Es9CfWMmPRU,$120 McGriddle Taste Test | FANCY FAST FOOD,Good Mythical Morning,1259565.0,21892.0,link|rhett|rhett and link|season 13
1RZYOeQeIXE,1RZYOeQeIXE,Sarah Paulson Gets Scared During '5 Second Rule',TheEllenShow,704786.0,19880.0,funny|game|hilarious|sarah paulson
e_7zHm7GsYc,e_7zHm7GsYc,Hunter Hayes - You Should Be Loved (Part One Of Pi,Hunter Hayes,13917.0,1318.0,music video|official
9JBKuNrd5m8,9JBKuNrd5m8,I WENT TO PIXAR ANIMATION STUDIOS!! (The Incredibl,DanTDM,1594811.0,39008.0,no cursing|no swearing
CwKp6Xhy3_4,CwKp6Xhy3_4,Chris Young - Hangin' On,ChrisYoungVEVO,272987.0,4091.0,chris young|country|rca records label nashville|you
2BwxeOzSx8A,2BwxeOzSx8A,"Don't Worry, He Won't Get Far On Foot - Official T",Amazon Studios,1103339.0,363.0,jack black|jonah hill|official trailer|original|season|streaming|trailer
t1shnJT8NCY,t1shnJT8NCY,"We Can All Do Better Than Roy Moore | November 15,",Full Frontal with Samantha Bee,619920.0,7604.0,tbs
prmQgSpV3fA,prmQgSpV3fA,BLACK THOUGHT FREESTYLES ON FLEX | #FREESTYLE087,HOT 97,1576501.0,63519.0,hip hop|music|new york|r&b|rap|us|video
M61Vt1C69JA,M61Vt1C69JA,Breakfast Sandwich Maker Competition,Good Mythical MORE,366647.0,7503.0,link|rhett|rhett and link|season 13
QAt8kU3TQfQ,QAt8kU3TQfQ,The Most Mysterious Star in the Universe We Can't ,RealLifeLore,435859.0,16174.0,astronomy|dyson sphere|space|star|sun|universe|weird
nk3a7zq84Co,nk3a7zq84Co,Game Day Artichoke Dip - You Suck at Cooking (epis,You Suck At Cooking,392478.0,22821.0,comedy|funny|recipe|sports|superbowl
fRFCXQ3HgdY,fRFCXQ3HgdY,Ohio State vs Michigan | Highlights | FOX COLLEGE ,FOX Sports,176838.0,1069.0,football|john|news|sp:ty=high|urban
o7Ax6SRTGks,o7Ax6SRTGks,Cake Decorator Vs. Artist,BuzzFeedVideo,2734361.0,58264.0,art|artist|baking|birthday|buzzfeed|cake|cake decorating|competition|cute|fondant|food|fun|layer cake|quirky
Fj3euSYAtnc,Fj3euSYAtnc,BTS (방탄소년단) - Airplane pt.2 @BTS COMEBACK SHOW,BANGTANTV,5414339.0,571108.0,bts
e77J4g0LMOk,e77J4g0LMOk,Little Mix bring the Power & CNCO to The X Factor ,The X Factor UK,4695293.0,158565.0,simon cowell|talent
-o7zywbiFVI,-o7zywbiFVI,Celebrity Chef Mario Batali Accused Of Sexual Misc,MSNBC,49761.0,350.0,breaking news|business|health|politics|sexual harassment|us news|world news
ulCdoCfw-bY,ulCdoCfw-bY,The Black Hole Bomb and Black Hole Civilizations,Kurzgesagt – In a Nutshell,3154240.0,170938.0,dyson sphere|funny|physics|satire|space|star|universe
SFr0fCgrTNQ,SFr0fCgrTNQ,10 Crazy eBay Items!,Matthias,1288373.0,85126.0,black friday deals|comedy|family friendly|gadgets|kid friendly|no cursing|no swearing|tech|test|top 10|top 5|unboxing
HrQNdClwMs4,HrQNdClwMs4,DIY GIANT McDONALDS HASH BROWN 🍟 - VERSUS,HellthyJunkFood,1957964.0,25829.0,
MSzytvDsPfo,MSzytvDsPfo,Cut for Time: Hallmark Channel Christmas Promo (Ja,Saturday Night Live,1082383.0,14146.0,actor|comedy|funny|guest|hilarious|host|kate mckinnon|laugh|music|new york|producer|sketch|snl|sza
V_jU_ssWvc4,V_jU_ssWvc4,Anderson Cooper and Andy Cohen Met on a Failed Bli,The Tonight Show Starring Jimm,525233.0,6798.0,anderson cooper|celebrities|clip|cnn|failed|funny|funny video|humor|interview|jokes|nbc|nbc tv|queen elizabeth|snl|talent|television|tsa|video
TTogFxTu_vA,TTogFxTu_vA,This Giant Kielbasa Helped a Michelin-starred Rest,Eater,465368.0,4441.0,chef|dish|food|food porn|foodie|restaurant|sausage
1purAy2MsOc,1purAy2MsOc,22 Years of Life Milestone,TheOdd2sOut,976989.0,87452.0,birthday|cake
qT0mpVcH3ZU,qT0mpVcH3ZU,"New Year, New Me | Rudy Mancuso & Stephen Curry",Rudy Mancuso,2307087.0,137870.0,basketball|comedy|goals|humor|music video|nba|sketch
Zn99TMv0vac,Zn99TMv0vac,Answering the Call,Verizon,122141.0,841.0,fire|houston|justin timberlake|phone
UZ47aQFp2TQ,UZ47aQFp2TQ,ELDERS REACT TO WALMART YODEL BOY,FBE,1761886.0,34692.0,famous|fine brothers|fine brothers entertainment|kids react|mason ramsey|react|reaction|review|reviews|thefinebros|watch|yodel boy|yodel kid
SkcucKDrbOI,SkcucKDrbOI,HOW TO TRAIN YOUR DRAGON: THE HIDDEN WORLD | Offic,DreamWorksTV,3733256.0,75328.0,animation|film|jonah hill|movie|official|official trailer|teaser trailer|trailer
YML2DM0K8DQ,YML2DM0K8DQ,Keith Urban - Coming Home (Lyric Video) ft. Julia ,KeithUrbanVEVO,845718.0,8756.0,capitol|country|home|nashville|urban
lrWRy9BBp-c,lrWRy9BBp-c,ELDERS REACT TO UGANDAN KNUCKLES MEMES,FBE,2885259.0,74767.0,fine brothers|fine brothers entertainment|kids react|react|reaction|review|reviews|thefinebros|watch
tpa4kp4lK60,tpa4kp4lK60,I have a brain tumor.,Simone Giertz,2865758.0,248715.0,
ijUK3z5rt5s,ijUK3z5rt5s,I said Gucci Gang 1000000 Times. Here are the last,Graham The Christian,2139663.0,62915.0,
WCKG9J1d5iE,WCKG9J1d5iE,Major bank ends long-time partnership with NRA,Fox Business,31798.0,447.0,on air
XCrJ3NflOpE,XCrJ3NflOpE,A New View of the Moon,To Scale:,230399.0,5208.0,astronomy|lunar|moon|prank|reaction|space
Evz-ZQC8wss,Evz-ZQC8wss,TSA Check,Studio C,439972.0,12086.0,comedy|funny|laugh|lol|security|sketch comedy|snl|travel|tsa
BPmAxzEJpWA,BPmAxzEJpWA,Snoop Dogg - One More Day (feat. Charlie Wilson) f,SnoopDoggVEVO,2472141.0,37097.0,
jpH-8HiMCRI,jpH-8HiMCRI,Deep Fried Ice Cream & Cookie Dough & Funfetti?! (,Clevver Style,386837.0,16503.0,chef|cooking|diy|food|funny|how to|how to make|lifestyle|recipe|weird|wtf
-xAMnJgc3oA,-xAMnJgc3oA,Janelle Monáe – I Like That [Official Audio],Janelle Monáe,382903.0,16787.0,album|bad boy|black panther|tessa thompson
8jp3SxojXpU,8jp3SxojXpU,Portland-bound Amtrak train derails in Washington;,The Oregonian,354467.0,1433.0,
5Js4TMKutCo,5Js4TMKutCo,Bret Interview with Devin Nunes,Bret Baier,130302.0,1232.0,
K0u_kAWLJOA,K0u_kAWLJOA,God of War – Story Trailer | PS4,PlayStation,2500865.0,94731.0,action|adventure|creature|story
XAzqBDFs418,XAzqBDFs418,Battle with Charlie Puth | Rudy Mancuso,Rudy Mancuso,1752883.0,137210.0,charlie|with
HbKnEQdCjGg,HbKnEQdCjGg,Lewis Capaldi - Rush (Official Audio) ft. Jessie R,LewisCapaldiVEVO,330327.0,13206.0,alternative|music video|official video|pop|songwriter|universal
6j-s9E3dRQ0,6j-s9E3dRQ0,F The Prom (2017) | Official Trailer HD,The Orchard Movies,874883.0,18686.0,
t_bnyOOFDNM,t_bnyOOFDNM,COLLEGE KIDS REACT TO ROSEANNE CANCELED?! (Twitter,FBE,842195.0,17314.0,fine brothers|fine brothers entertainment|kids react|react|reaction|review|reviews|thefinebros|watch
VYOjWnS4cMY,VYOjWnS4cMY,Childish Gambino - This Is America (Official Video,ChildishGambinoVEVO,167997997.0,4281819.0,childish gambino|rap|this is america
8ll04Zzw5UM,8ll04Zzw5UM,Lady Gaga - Joanne (Where Do You Think You’re Goin,LadyGagaVEVO,3363100.0,202829.0,interscope|lady|pop|you
vL2-H_0V7nw,vL2-H_0V7nw,"You're Not Edgy, You're Just Lazy",CollegeHumor,1005860.0,33110.0,comedy|dating|funny|humor|politics|sketch|sketch comedy
akNs04ef_Co,akNs04ef_Co,I Read A Letter From My Younger Self,AmazingPhil,629985.0,102668.0,2018|amazing|best|friends|funny|life|london|my|new york|old|past|react|reacting|vlog|weird
puqaWrEC7tY,puqaWrEC7tY,Nickelback Lyrics: Real or Fake?,Good Mythical Morning,827546.0,15887.0,canada|challenge|comedy|funny|lyrics|music|rhett and link|rock
-C5q3oir8gA,-C5q3oir8gA,Will It Christmas Tree?,Good Mythical Morning,686367.0,16228.0,christmas|christmas tree|rhett and link|star wars|tree
TsT5GLWgSkU,TsT5GLWgSkU,Reacting to Avengers: Infinity War trailer,jacksfilms,966085.0,81699.0,avengers|iron man|marvel|movie|react|reacting|reaction|trailer
u7KZrt_cHH0,u7KZrt_cHH0,UNSANE | Official Trailer | In theaters March 23,Bleecker Street,1267983.0,2504.0,entertainment|film|movies|unsane
bqbWMgkvedI,bqbWMgkvedI,Decorating Our Christmas Tree & Princess Dress | V,Tanya Burr,141529.0,5659.0,chocolate|christmas|cute|dinner|fun|home|house|london|makeup|princess|selena gomez|tour|tree|vlog|vlogmas
4L-BPQVZYXM,4L-BPQVZYXM,Razer Phone Review: The Real Deal!,Marques Brownlee,1409442.0,51315.0,phone
hB07EJhMBRs,hB07EJhMBRs,A Dad Didn't Brush His Teeth For 40 Days. This Is ,Chubbyemu,467623.0,23805.0,dad|education|health|nurse|science|technology
c3BTGJgd8Wo,c3BTGJgd8Wo,"Ashanti Talks Murda Inc, Relationships, New Music ",Breakfast Club Power 105.1 FM,617338.0,6952.0,celebrity news|charlamagne tha god|dj envy|interview|stuck|video
CbWP9nvnRhw,CbWP9nvnRhw,The Pun Challenge!?,nigahiga,3495861.0,206325.0,jacksfilms|liza koshy
-txKpma65ZU,-txKpma65ZU,"Forced Arbitration | January 31, 2018 Act 2 | Full",Full Frontal with Samantha Bee,237548.0,4134.0,tbs
Mjl4OReUX-c,Mjl4OReUX-c,When mum gets dad's car wrapped for Valentines Day,LadBaby Official,211669.0,7323.0,comedy|dad|family|funny|haha|lol|love|parenting|pregnant|valentines
S0OICOBR19Q,S0OICOBR19Q,Why You Shouldn't Give Ginger To Monkeys (and othe,MinuteEarth,341980.0,11773.0,history|science
lk8lozFBXpo,lk8lozFBXpo,EVERY GAME STORE EVER,Smosh,1629409.0,56980.0,
lD1mPectYOM,lD1mPectYOM,"Town of Reston: “Small Town, Big Mystery” - Impuls",Impulse,735962.0,7788.0,black mirror|drama|sci fi|sci-fi|science fiction|stranger things|trailers|universal
MUWUHf-rzks,MUWUHf-rzks,How to Make an Elephant Explode with Science – The,Kurzgesagt – In a Nutshell,1851183.0,105292.0,animals|animation|funny|life|pregnant
xqj7XOv9mC8,xqj7XOv9mC8,PAPILLON | Official Trailer,Bleecker Street,1490289.0,1840.0,entertainment|film|movies
X9Qh8vsSE-c,X9Qh8vsSE-c,"I Filled My Swimming Pool with 10,000 Water Balloo",Guava Juice,1509739.0,72244.0,challenges|comedian|comedy|family friendly|funny|how to|kid friendly|what happens
kfOeQj7HsCE,kfOeQj7HsCE,Chris Evans opens up about 'Avengers: Infinity War,Good Morning America,972529.0,18510.0,film|interview|live|movies
J_CFBjAyPWE,J_CFBjAyPWE,Red Velvet 레드벨벳 'Bad Boy' MV,SMTOWN,19392316.0,1040557.0,bad boy|kpop|music video
9POblaMln4Q,9POblaMln4Q,Types Of People at the Gym,MamaMiaMakeup,875901.0,41515.0,alisha marie|collab|comedy|funny|of|people|the|types of people
_vrcsnkXCI8,_vrcsnkXCI8,I GAVE MY MOM HER FIRST MAKEOVER EVER AND SHE CRIE,Bramty Juliette,390232.0,31417.0,makeover|makeup|makeup tutorial|transformation
6Y65fxIRs8Q,6Y65fxIRs8Q,Big sister reflexes,BrasherN,2761070.0,36036.0,
FlsCjmMhFmw,FlsCjmMhFmw,YouTube Rewind: The Shape of 2017 | #YouTubeRewind,YouTube Spotlight,149376127.0,3093544.0,casey neistat|despacito|fidget spinners|grace helbig|joey graceffa|kendrick lamar|lilly singh|liza koshy|luis fonsi|niana guerrero|poppy
S-4rhjO6xYg,S-4rhjO6xYg,STRANGER THINGS: A Bad Lip Reading,Bad Lip Reading,4815667.0,251314.0,comedy|funny|netflix|stranger things
JRocY48P0qA,JRocY48P0qA,The Toyota Previa Is the Weirdest Minivan Ever,Doug DeMuro,1472121.0,27268.0,
hbcH02YynOA,hbcH02YynOA,FULL GLAM IN 10 MINUTES MAKEUP CHALLENGE W. KRISTE,Laura Lee,400847.0,21112.0,challenge|collab|easy makeup|makeup|urban decay
DV1OqgHb3jc,DV1OqgHb3jc,How To Make a Vegan Curry,HowToBasic,4570096.0,269669.0,
iZUfPIKbgUM,iZUfPIKbgUM,Bar Essentials | Basics with Babish,Binging with Babish,983181.0,30918.0,
fNVUTgd4pio,fNVUTgd4pio,Sugarland - Babe (Static Video) ft. Taylor Swift,SugarlandVEVO,1664399.0,50908.0,big|country|records
JANApS0P4z8,JANApS0P4z8,Casually Explained: Levels of Wealth,Casually Explained,2836959.0,115670.0,animation|comedy
XkVwqEdYlNA,XkVwqEdYlNA,The Last Jedi Cast Touches Bearded Dragons & Other,Vanity Fair,855787.0,31762.0,star wars
e5IRkF20JmU,e5IRkF20JmU,REACTING to BTS Mic Drop! (MV),Wassabi Productions,469527.0,26655.0,boyfriend|bts|family friendly|girlfriend|music video|react|reacting
LC3fWTXZXxE,LC3fWTXZXxE,9 Travel Life Hacks + How to Pack for Vacation!!,AlishaMarie,998362.0,70972.0,2018|hacks|life|life hacks|tips|travel
C7mxTEskjQg,C7mxTEskjQg,A Friendly Arctic Fox Greets Explorers | National ,National Geographic,407936.0,10213.0,animals|canada|discover|documentary|frozen|nat geo|natgeo|nature|science|wildlife
YfOHh5mt9SM,YfOHh5mt9SM,i have a condition that makes me feel like i'm dre,doddlevloggle,440000.0,44900.0,health
-BDImdAfodA,-BDImdAfodA,Kylie Minogue - Dancing (Official Video),KylieMinogueOnVEVO,855031.0,27709.0,album|beyonce|camila cabello|country|dancing|new music|official|pop|rupaul|taylor swift
7LjC-nUPrNg,7LjC-nUPrNg,Kids Try 100 Years of the Most Expensive Foods | B,Bon Appétit,3708663.0,40325.0,food|kids|kids react|kids try|taste test
jVNepCaqJok,jVNepCaqJok,My asthmatic kitty cat getting his meds,BaconLegs,253710.0,5721.0,
r2ys-AimNbE,r2ys-AimNbE,“First Burn” [Official Video],Hamilton: An American Musical,2098175.0,94916.0,
lOz7cPJQd8E,lOz7cPJQd8E,Tesla CEO Elon Musk offers rare look inside Model ,CBS This Morning,785651.0,10119.0,tesla
Pymm6cmE9uQ,Pymm6cmE9uQ,SICARIO 2: SOLDADO - Official Teaser Trailer (HD),Sony Pictures Entertainment,3337851.0,31538.0,official trailer|trailer
bEWLOo12UAU,bEWLOo12UAU,Picking the 2018 XXL Freshman 10th Spot,fantano,248952.0,6029.0,2018|cover|hip hop|jaden smith
Eswl8SSywzA,Eswl8SSywzA,How To Make an Ocarina of Time IRL,The King of Random,641418.0,14459.0,art|diy|experiment|how to|link|making|music|nintendo|of|past|sculpture|song|time
VXQ1FD77egw,VXQ1FD77egw,DIY SUPER LONG FRENCH FRY - VERSUS,HellthyJunkFood,538551.0,15418.0,
5TbUxGZtwGI,5TbUxGZtwGI,Time: The History & Future of Everything – Remaste,Kurzgesagt – In a Nutshell,2626381.0,167615.0,2017|2018|funny|history|science|space|time
n6gD02uqx5Q,n6gD02uqx5Q,Ant-Man and The Wasp Trailer Drops + Black Panther,ColliderVideos,76714.0,2166.0,ant-man|lin-manuel miranda|unsane
D8PXRnN0KPU,D8PXRnN0KPU,Moving Pictures 2017 - Movie Trailers Mashup,Clark Zhu,14651.0,129.0,2017|action|comedy|epic|horror|mashup|movie trailer|trailer
_kwsw07w8lU,_kwsw07w8lU,MY CLOSET TOUR 2018! Carli Bybel,Carli Bybel,836260.0,42451.0,2018
HOxylh5runs,HOxylh5runs,Reacting To POSITIVE COMMENTS ASMR ! | Jackie Aina,Jackie Aina,231413.0,29408.0,asmr
xLkHEZTSeoU,xLkHEZTSeoU,Casey Neistat Melts His Face Off While Eating Spic,First We Feast,2368132.0,111659.0,casey neistat|chef|cook|cooking|food|food porn|interview|kitchen|recipe|vlogger
AV5TOlGFHk0,AV5TOlGFHk0,Best EARLY Cyber Monday 2017 Deals LIVE RIGHT NOW!,The Deal Guy,144562.0,4306.0,black friday|black friday 2017
y_WoOYybCro,y_WoOYybCro,How I Became The Fresh Prince of Bel-Air | STORYTI,Will Smith,2339655.0,131268.0,comedy|entertainment|nbc|vlog|vlogs
7oRdswHqaf8,7oRdswHqaf8,EARL GREY MACARONS- The Scran Line,The Scran Line,35487.0,1999.0,cupcakes|how to make macarons
KORiXf-u21Y,KORiXf-u21Y,Henrik Harlaut wins Men’s Ski Big Air gold | X Gam,X Games,121421.0,661.0,
SPJsPQBnA2s,SPJsPQBnA2s,Kitchen Gadgets for Perfectionists,INSIDER,192537.0,3689.0,baking|cook|cooking|kitchen
mhog9LEMCDY,mhog9LEMCDY,Dem Beats (ft. RuPaul) by TODRICK HALL,todrickhall,873742.0,48735.0,american idol|beyonce|dance|glee|lgbt|low|mashup|mtv|parody|pentatonix|rupaul|taylor swift
7aRxsmfBDI0,7aRxsmfBDI0,Which Musician Am I? (GAME) Ft. Reggie Watts,Good Mythical Morning,665478.0,15577.0,dolly parton|rhett and link|season 13
n5IdKE3rhII,n5IdKE3rhII,Queer Eye's Jonathan Van Ness Insta-Stalks the Fab,ELLE,329873.0,10276.0,
16a1LttU5qc,16a1LttU5qc,I carve a pencil from a pencil from a pencil  (pen,Bobby Duke Arts,668715.0,39305.0,
FR5WT12B_88,FR5WT12B_88,Spinners,Kaplamino,762752.0,20876.0,fidget spinners|tricks
nx1R-eHSkfM,nx1R-eHSkfM,The New Snapchat in 60 Seconds,Snapchat,2944563.0,0.0,
tP214lJtKlM,tP214lJtKlM,The 77 Year Old Ballet Dancer Sharing Seven Decade,BBC Three,662688.0,28240.0,dancing|documentary|lady|old|teaching
uA8GdJJqz_s,uA8GdJJqz_s,Physicist Stephen Hawking has died,CNN,3432865.0,55495.0,
5gFpcEKayz4,5gFpcEKayz4,MØ - When I Was Young (Official Video),MOMOMOYOUTHVEVO,764716.0,35765.0,pop
9DUfFHaUpxg,9DUfFHaUpxg,The Voice Behind 250 of Your Favorite Cartoons,Great Big Story,1502910.0,41546.0,actor|documentary|star wars|tv
af6L1jBZGYA,af6L1jBZGYA,Jimmy Fallon and Paul Rudd Recreate King of Wishfu,The Tonight Show Starring Jimm,553510.0,8103.0,ant-man|celebrities|clip|cover|funny|funny video|humor|interview|jokes|music video|nbc|nbc tv|snl|talent|television|video
_NWs7ntMRBA,_NWs7ntMRBA,[OFFICIAL VIDEO] Perfect - Pentatonix,PTXofficial,3105286.0,180986.0,acapella|american idol|pentatonix|pitch perfect|reality tv|singing|the voice|voice
5y0ARoVF6Qg,5y0ARoVF6Qg,Double Lesbian Pictionary Proposal,BerkleyLovesTori,195039.0,1063.0,
OZsYiWBgFOk,OZsYiWBgFOk,The Spy Who Dumped Me (2018 Movie) Teaser Trailer ,Lionsgate Movies,5205309.0,12320.0,2018|action|boyfriend|comedy|film|girlfriend|kate mckinnon|movie|teaser|teaser trailer|trailer
H7gh2fmdjCU,H7gh2fmdjCU,Calum Scott - What I Miss Most (Official Video),CalumScottVEVO,3136189.0,104437.0,calum|capitol|pop|records
_PgMjA4x3rE,_PgMjA4x3rE,Devils Vs Angels Two w/ TheOdd1sOut,SomeThingElseYT,1157125.0,38539.0,fun|funny|game|something
ryr75N0nki0,ryr75N0nki0,Eminem - Walk On Water (Official Video) ft. Beyonc,EminemVEVO,16584193.0,669544.0,interscope|on|rap|water
oyC4lLTOyL8,oyC4lLTOyL8,A Language Made Of Music,Tom Scott,244274.0,11287.0,music
cgYHbIEZWW8,cgYHbIEZWW8,FBI Admits It Failed To Investigate Tip About Accu,TIME,383981.0,2404.0,business|entertainment|health|interview|news|politics|science|technology|video|world news
byBCkV_j-As,byBCkV_j-As,Introducing #AerieREAL Role Models,Aerie,5144.0,18.0,fashion|style
XbuQAbG2AZ0,XbuQAbG2AZ0,"Jay-Z and Dean Baquet, in Conversation",The New York Times,656786.0,16305.0,beyonce|jay-z|news
zNZJNlx4P80,zNZJNlx4P80,WE TRIED TO MAKE TASTY'S GIANT MACARON (VERSUS),HellthyJunkFood,224124.0,7770.0,how to make macarons
OAGfx7eB3gA,OAGfx7eB3gA,How to pick up a cat like a pro - Vet advice on ca,Helpful Vancouver Vet,3388443.0,102467.0,cat|cats|cute|how-to|pets
KWn4JmiM2pM,KWn4JmiM2pM,Grammys 2018 Nominations Announced | Billboard New,Billboard News,4010.0,83.0,2017|bruno mars|childish gambino|despacito|entertainment|jay-z|kendrick lamar|khalid|music|official|sza
xYtsL9znopI,xYtsL9znopI,Khalid & Normani - Love Lies (Official Video),KhalidVEVO,6010383.0,242098.0,r&b|rca records label
NKin_i1pcFA,NKin_i1pcFA,"The Spyker C8 Is the Quirkiest $250,000 Exotic Car",Doug DeMuro,1394843.0,29208.0,
515lLZS082U,515lLZS082U,Pitch Perfect 3 - Riff-Off Clip [HD],Pitch Perfect,3433497.0,62537.0,acapella|bridesmaids|comedy|competition|glee|hd|movie|music|singing|trailer
yDiXQl7grPQ,yDiXQl7grPQ,Do You Hear Yanny or Laurel? (SOLVED with SCIENCE),AsapSCIENCE,42799458.0,564804.0,jacksfilms
NWOz3OZ6J9M,NWOz3OZ6J9M,Men arrested at Starbucks speak out,ABC News,1254952.0,14272.0,good morning america|interview|video|viral
sYvH7Y16iUM,sYvH7Y16iUM,The True All-Screen Smartphone is Here...,Unbox Therapy,1926808.0,76976.0,2018|best smartphone|cool gadgets|galaxy s9|iphone x|pixel 2|samsung galaxy s9
JefYnYIXY_8,JefYnYIXY_8,The Strange (But True) History of Hysteria,SciShow,298966.0,8979.0,education|learn|science
lYtllIKb70M,lYtllIKb70M,The Royals New Season First Look | E!,E! Entertainment,88940.0,1126.0,celebrity|celebrity news|comedy|love|princess|sex
WLagbArQsuE,WLagbArQsuE,Imagine Dragons - Thunder (Live On The Ellen DeGen,ImagineDragonsVEVO,637040.0,30430.0,
PAHm7SEhhuw,PAHm7SEhhuw,Boxing with Evander Holyfield & Joel McHale | Kevi,LOL Network,1401860.0,23225.0,basketball|comedy|fitness|fun|funny|jack black|james corden|laugh|leslie jones|rhett and link|series|terry crews|wtf
37xIzAWyO8I,37xIzAWyO8I,How To Enlarge And Correct Lip Shape | John Maclea,John Maclean,33074.0,2327.0,
80L97nV_vQc,80L97nV_vQc,My Favorite TECH of 2017!,Jonathan Morrison,401333.0,7748.0,2017|best smartphone|cool gadgets|gadgets|imac pro|pixel 2|tech|technology|top 5
hBvcngHRTFg,hBvcngHRTFg,Jordan Peele Breaks Down Get Out Fan Theories from,Vanity Fair,1475655.0,43253.0,get out|hollywood|jordan peele
Dan2YMDCpms,Dan2YMDCpms,Blind Girl Describes My Face to a Police Sketch Ar,Gabbie Hanna,6476089.0,310607.0,makeup|sketch
YF6xzqOfCD8,YF6xzqOfCD8,"Batman's Village of Fools: Gotham, England",Tom Scott,219954.0,15502.0,
6Nr_xHolP1Q,6Nr_xHolP1Q,EVERY ELEVATOR EVER,Smosh,1486238.0,49860.0,awkward
dx9mF1KJr0s,dx9mF1KJr0s,Kelly Clarkson - I Don't Think About You [Official,Kelly Clarkson,1855482.0,69412.0,official video|the voice
IU-Fo-QEpOI,IU-Fo-QEpOI,Dude Perfect Face Off | What's In The Box,Whistle Sports,2172958.0,33920.0,dude perfect|dude perfect world record
86ysRAffCpI,86ysRAffCpI,VLOG 8 l Weekend Night Routine l Olivia Jade,Olivia Jade,557916.0,22048.0,hair tutorial
4HX6R88QZB0,4HX6R88QZB0,Original 2007 iPhone Unboxing!!!,iJustine,1255581.0,34039.0,iphone x
DMlITdf3w-o,DMlITdf3w-o,Eating With My DAD!,Mark Wiens,709922.0,21806.0,dad|food|street food
kJ18whKduFo,kJ18whKduFo,Age & Aging: Crash Course Sociology #36,CrashCourse,46794.0,1703.0,education
vDtyaRoonx4,vDtyaRoonx4,GIANT ICE BLOCK Vs. TRAMPOLINE from 45m!,How Ridiculous,8280684.0,378013.0,basket|basketball|bottle flip|epic|funny
NjMd89dggAk,NjMd89dggAk,Shawn Mendes - In My Blood (Live From The Billboar,ShawnMendesVEVO,498818.0,23655.0,billboard|khalid|live
D6Oy4LfoqsU,D6Oy4LfoqsU,I GAVE SAFIYA NYGAARD A PERFECT HAIR MAKEOVER BASE,Brad Mondo,946671.0,44283.0,balayage|bts|hair|hair color|hair stylist|hair tutorial|makeover|makeup|safiya nygaard|transformation|tutorial
s1APv5uO2VU,s1APv5uO2VU,[ASMR] Scratching Different Objects ♡,Gibi ASMR,752867.0,15520.0,basket|compilation
If-n27SUAl8,If-n27SUAl8,GUY DANCES WITH HIS NEIGHBORS,Michael Callaghan,31294.0,487.0,
0gDVWPPgMKY,0gDVWPPgMKY,Sumo Wrestling in 4K,The Slow Mo Guys,1292322.0,43551.0,explosion
JWH5KE1atAg,JWH5KE1atAg,[STATION] Siedah Garrett X 보아 (BoA) 'Man in the Mi,SMTOWN,302226.0,28891.0,
tUbky9YzPZY,tUbky9YzPZY,HUGE Pond Jump FAIL!!,RomanAtwoodVlogs,1573462.0,58903.0,big|day|everyday|failed|family friendly|girlfriend|home|house|kid friendly|kids|roman|vlog|vlogger|vlogging|vlogs
__1SjDrSMik,__1SjDrSMik,maybe i could eat blades of grass,bill wurtz,1256855.0,134956.0,
C-DfipidnOE,C-DfipidnOE,Dear Snapchat!,Marques Brownlee,1452821.0,81929.0,new snapchat
enH3xA4mYcY,enH3xA4mYcY,SORRY TO BOTHER YOU | Official Trailer,Annapurna Channel,2092017.0,8368.0,official trailer|terry crews|tessa thompson
VH-DA0YgHHU,VH-DA0YgHHU,Foo Fighters - Everlong/Christmas (Baby Please Com,foofightersVEVO,571542.0,17823.0,rca records label|rock
3yy-dKTmyOo,3yy-dKTmyOo,"Milo Manheim, Meg Donnelly - Someday (From ZOMBIES",DisneyMusicVEVO,2673063.0,43570.0,disney|records|soundtrack
_6lGaYh71g4,_6lGaYh71g4,WTF - $300 Toaster?!,Simon and Martina,368937.0,15116.0,japan
7NcVNt7zQJM,7NcVNt7zQJM,Luke Bryan - Out Of Nowhere Girl (Audio),LukeBryanVEVO,149801.0,5575.0,capitol|country|luke|nashville|of|records
nRafaCcfrcI,nRafaCcfrcI,73 Questions With Liza Koshy | Vogue,Vogue,2935330.0,281095.0,celebrity|liza koshy|lizzza|parody|style|youtuber
FhllRWReNEE,FhllRWReNEE,Melting Every Lipstick From Sephora Together,Safiya Nygaard,7223754.0,391342.0,makeup|urban decay
UKserM-i0_A,UKserM-i0_A,Panic! At The Disco: High Hopes (Audio),Panic! At The Disco,7192582.0,226531.0,new music
8h--kFui1JA,8h--kFui1JA,Sam Smith - Pray (Official Video) ft. Logic,SamSmithWorldVEVO,13449799.0,316898.0,capitol|pop|smith
oFqHvacY9Kk,oFqHvacY9Kk,björk - the gate deconstructed,Björk,65286.0,5027.0,alternative
CT-orZzuN2A,CT-orZzuN2A,Ryan Reynolds Explains the Deadpool Leak | Best of,The Graham Norton Show,2294935.0,38110.0,entertainment
5SNX4JuM39c,5SNX4JuM39c,Jerry Rice Answers Football Questions From Twitter,WIRED,102105.0,2384.0,football|innovation
pl-DjiO8das,pl-DjiO8das,THE PROPOSAL | Felix & Marzia 💍,Marzia,3242681.0,337861.0,story
nZM9Ko806Bg,nZM9Ko806Bg,How I Skinned My Face,William Osman,420131.0,19189.0,face|stem
HgknAaKNaMM,HgknAaKNaMM,Carrie Underwood - The Champion ft. Ludacris,carrieunderwoodVEVO,4426388.0,88955.0,nashville|pop|the
o7iL2KzDh38,o7iL2KzDh38,Martin Garrix & David Guetta - So Far Away (feat. ,Martin Garrix,4667401.0,244335.0,animals|dance music|edm|house
qK11sSjEM3c,qK11sSjEM3c,Russell Westbrook pushes away Denver Nuggets fan a,ESPN,538104.0,1971.0,basketball|nba
XXRBLyQQ78A,XXRBLyQQ78A,Only Slightly Exaggerated | Travel Oregon,oregon,664929.0,26263.0,
DmWm3ar0PiQ,DmWm3ar0PiQ,I made this sculpture using aluminium foil (and da,Bobby Duke Arts,310268.0,25045.0,art|artist|cool|dancing|family friendly|fun|funny|how to|sculpture
Hgc2njyY4Rs,Hgc2njyY4Rs,What If 2017 Never Happened?? | CHRIS AND BRITTANY,Chris Reinacher,73061.0,3956.0,2017|comedy|funny|jokes|security|trump|youtube
ZcCp7488puc,ZcCp7488puc,Grace VanderWaal - Clearly,GraceVanderWaalVEVO,3006056.0,178417.0,grace vanderwaal|pop
j4KvrAUjn6c,j4KvrAUjn6c,WE MADE OUR MOM CRY...HER DREAM CAME TRUE!,Lucas and Marcus,6773604.0,116508.0,animals|challenges|collabs|dance|family|family friendly|food|games|guava juice|gymnastics|makeup|music|pranks|rap|reactions
qZHycHI3F1Q,qZHycHI3F1Q,Football vs Soccer Trick Shots | Dude Perfect,Dude Perfect,13907124.0,571378.0,bottle flip|family|family friendly|fidget spinners|football|freestyle|london|ping pong|tricks
aEM2kOrrNJI,aEM2kOrrNJI,"Jennifer Lopez - Dinero ft. DJ Khaled, Cardi B",JenniferLopezVEVO,27794763.0,438399.0,pop
NukmFF__G-g,NukmFF__G-g,Mason Ramsey - Famous [Lyric Video],Mason Ramsey,12907907.0,490249.0,yodel boy|yodel kid
lBHPVE3AI6Y,lBHPVE3AI6Y,Iran-Iraq border earthquake is deadliest of 2017 -,BBC News,104295.0,423.0,earthquake
RxlSl-kG3qg,RxlSl-kG3qg,We Are So Blessed | Acacia Kersey,acaciacutie,385826.0,27095.0,
lzuWvKn80V8,lzuWvKn80V8,If your reflection were honest,AnthonyPadilla,267038.0,24048.0,comedy|sketch|skit
nranUeNkXpM,nranUeNkXpM,CHRISTMAS IS HERE! — A Bad Lip Reading of Donald T,Bad Lip Reading,918375.0,46147.0,christmas|funny|humor|parody|song|trump
HhGJBBPVpqQ,HhGJBBPVpqQ,#DisneyParksLIVE: Super Bowl Celebration | Walt Di,Disney Parks,38824.0,380.0,
oxd0unpN_Hw,oxd0unpN_Hw,Kane Brown - Setting the Night On Fire,KaneBrownVEVO,326959.0,8091.0,chris young|country|heaven|rca records label nashville
zFuOksI6AVg,zFuOksI6AVg,The Shape of Water - Movie Review,Chris Stuckmann,196182.0,9739.0,2017|clip|creature|film|fish|music|reviews|soundtrack|teaser|trailer
MaTSyJDoxPo,MaTSyJDoxPo,Valentine's Day OMBRÉ Heart Cake | Cupcake Jemma,CupcakeJemma,154665.0,5394.0,baking|birthday|cake|cake decorating|cupcakes|day|fondant|jenna|layer cake|love|valentines
GYLBjScgb7o,GYLBjScgb7o,"THE FURBY ORGAN, A MUSICAL INSTRUMENT MADE FROM FU",LOOK MUM NO COMPUTER,1711933.0,44557.0,diy|electronics|music|science|synth|toy
LU86T12xBQQ,LU86T12xBQQ,Artist Vs. Designer: DIY Prom Dress,As/Is,773032.0,20796.0,artist|beauty|buzzfeed|challenge|competition|cute|design|diy|fashion|fun|quirky|video
_fVUX6-7VKE,_fVUX6-7VKE,"7.9 earthquake hits near Kodiak, AK",Fox News,795360.0,4989.0,alaska|hawaii|on air|tsunami|us
v8VMdSQL50w,v8VMdSQL50w,"Jane Fonda And Lily Tomlin On ‘Grace And Frankie,’",TODAY,45944.0,442.0,fitness|friends|lifestyle|nbc|netflix original series
er2kQ21ZTG0,er2kQ21ZTG0,WEARING GOODWILL TO NEW YORK FASHION WEEK,DamonAndJo,59747.0,4533.0,2017|2018|diy|do it yourself|fall|vintage
WyZz9muaKFc,WyZz9muaKFc,I Got 99 Problems But Being A Girl Ain't One! DIY ,Blossom,17431633.0,101401.0,compilation|diy|do it yourself|experiment|hacks|how to|how to make|how-to|learn|teaching|tips|tricks
4ZO-jde2smo,4ZO-jde2smo,Grace VanderWaal Watches Fan Covers On YouTube | G,Glamour Magazine,601482.0,21672.0,cover|grace vanderwaal
zS5-hxARjJo,zS5-hxARjJo,Galaxy Mirror Glaze Cake: Behind Tasty,Tasty,1398600.0,34410.0,baking|behind the scenes|buzzfeed|cake
F1b5ouja_VI,F1b5ouja_VI,Markiplier Makes: Breakfast,Markiplier,691648.0,40362.0,breakfast|collab|friends|funny
kzFHjyysXr0,kzFHjyysXr0,Embarrassing Vision Boards From Our Past (ft. Jenn,IISuperwomanII,961346.0,77731.0,collabs|comedy|jenna|of|past|skit|team
GveWDLBmc8Y,GveWDLBmc8Y,I Built The Boring Company Flamethrower!,So I Had This Idea...,97217.0,1271.0,company|diy|fire|hack|how to|making|spacex|tesla|tutorial
gm5P74vcB84,gm5P74vcB84,Casually Laser-Exposing 0.2 mm PCB features on a 3,Marco Reps,39115.0,1423.0,arduino|build|diy
YVfyYrEmzgM,YVfyYrEmzgM,How does your body know you're full? - Hilary Coll,TED-Ed,297147.0,10410.0,food|water
T2aJzwAeA9Y,T2aJzwAeA9Y,Ronda Rousey demands an apology from Stephanie McM,WWE,3897800.0,43779.0,sp:ty=high
Bn02bclCu5A,Bn02bclCu5A,Star Wars Episode IX Story Pitched By JJ Abrams - ,ColliderVideos,123530.0,2421.0,pitch perfect 3
8bn9OBHoO0k,8bn9OBHoO0k,"Dennis Edwards, Temptations Lead Singer, Dead At 7",CBS Chicago,27178.0,242.0,
REbjfHF0N0s,REbjfHF0N0s,Meng Jia & Jackson Wang (孟佳 & 王嘉尔）- MOOD Official ,Banana Culture Music,1378937.0,78042.0,
Q3jege0p0dQ,Q3jege0p0dQ,Marc Spelmann gets the first Golden Buzzer of 2018,Britain's Got Talent,3585629.0,115796.0,2017|simon cowell
Qcj15vHJTtk,Qcj15vHJTtk,Royal Wedding - SNL,Saturday Night Live,5186618.0,50779.0,comedy|funny|guest|hilarious|host|kate mckinnon|laugh|leslie jones|music|new york|queen elizabeth|royal wedding|sketch|snl
UYDAgS2Mr6M,UYDAgS2Mr6M,Mathew Knowles,Wendy Williams,380458.0,5404.0,beyonce|jay-z
amtC28yfYCM,amtC28yfYCM,Mindy Kaling Is Mad She Wasn't Invited to the Roya,The Tonight Show Starring Jimm,303920.0,4269.0,black panther|celebrities|clip|funny|funny video|humor|inside out|interview|jokes|mindy kaling|nbc|nbc tv|no strings attached|royal wedding|snl|talent|television|video|wreck-it ralph
0gwkMY-mzUQ,0gwkMY-mzUQ,Demi Lovato & Luis Fonsi - Echame La Culpa (Teaser,Demi Lovato,531746.0,32749.0,luis fonsi
1qKBNKtzTWg,1qKBNKtzTWg,Outback Bowl is January 1st,Outback Steakhouse,9630.0,12.0,football
dwEKqAwoz0Y,dwEKqAwoz0Y,"Take Sam to Church | December 20, 2017 Act 3 | Ful",Full Frontal with Samantha Bee,512801.0,7228.0,tbs
ondQYFBvk6M,ondQYFBvk6M,Summit of Hawaii's Kilauea volcano erupts,CNN,1300551.0,7346.0,us
wc4v9uT6GWc,wc4v9uT6GWc,Country Music Hall of Famer Mel Tillis has died,USA TODAY,24606.0,179.0,country music
Txlk7PiHaGk,Txlk7PiHaGk,Imagine Dragons - Next To Me,ImagineDragonsVEVO,5161538.0,290559.0,alternative|interscope|kid|to
ys6KVWA4okw,ys6KVWA4okw,Will It Slip-N-Slide? (EXPERIMENT),Good Mythical Morning,1694648.0,46641.0,experiment|link|rhett|rhett and link
TjXQzRWmb_I,TjXQzRWmb_I,Destination Wedding Trailer #1 (2018) | Movieclips,Movieclips Trailers,3559290.0,46698.0,comedy|drama|movie trailer|trailer
e0hO5fTGwPY,e0hO5fTGwPY,U.S. v. Whistleblower Tom Drake,CBS News,45642.0,445.0,us|world
Ev23TV62k08,Ev23TV62k08,IF MOVIES WERE GENDER SWAPPED,Smosh,719145.0,34432.0,black panther|movies
Uv2LvQ0FEvo,Uv2LvQ0FEvo,Music is Magic,Poppy,246381.0,12418.0,music|synth
KQkkgD2p3Ow,KQkkgD2p3Ow,U2 - American Soul (Lyric Video),U2VEVO,383461.0,7460.0,american|records|rock
7J4nN0Te9m8,7J4nN0Te9m8,Butterflies,Kacey Musgraves - Topic,30096.0,589.0,
ZqOtqz8bSDk,ZqOtqz8bSDk,10 Things Jimmy Butler Can't Live Without | GQ,GQ,758005.0,14203.0,basketball|nba|top 10
Bzji05zubSc,Bzji05zubSc,2017 Miss Universe National Costume Show,Miss Universe,437779.0,3257.0,
fzmM0AB60QQ,fzmM0AB60QQ,Lost in Space | Official Trailer [HD] | Netflix,Netflix,2715466.0,36730.0,comedy|documentary|drama|movies|robot|sci fi|sci-fi|science fiction|sneak peek|space|streaming|teaser|television|trailer
jyUNW5p8Yno,jyUNW5p8Yno,Classic Game Enthusiast's DREAM?,Linus Tech Tips,259646.0,8577.0,2018|classic|electronics|game|show
TfiVD2_Quy4,TfiVD2_Quy4,LIVE Hosting SpaceX GovSat-1/SES-16,Everyday Astronaut,57561.0,1656.0,nasa
h-h5Mhlt6O0,h-h5Mhlt6O0,iMac Pro: 1 Week Impressions!,Marques Brownlee,1802247.0,81886.0,imac pro
oRArmtMA9AI,oRArmtMA9AI,Marshmello - FLY (Official Music Video),Marshmello,4787890.0,253417.0,dance|dance music|edm|fly|friends|lyrics|selena gomez
WIV3xNz8NoM,WIV3xNz8NoM,Cobra Kai Season 2,Cobra Kai,957976.0,31032.0,
kD-_iyS95AQ,kD-_iyS95AQ,History of TV Theme Songs with Will Smith,The Tonight Show Starring Jimm,5015200.0,64858.0,celebrities|clip|funny|funny video|humor|interview|jokes|martin|nbc|nbc tv|snl|talent|television|video|will smith
mHd8Ug4ljN4,mHd8Ug4ljN4,Broadway's 'Frozen' cast performs 'For the First T,Good Morning America,713619.0,13064.0,disney|first|for|frozen|musical|preview|review|song|the|time
S0eLwrrTBlc,S0eLwrrTBlc,Oh What a Feeling. Toyota! 1982,Kevin Noonan,13630.0,42.0,
iNT-tPrz4OM,iNT-tPrz4OM,Footage of how Tom Cruise broke his ankle while fi,BBC,451523.0,3606.0,exclusive|graham norton|guest|movie|producer
GStMSkhmYEs,GStMSkhmYEs,"INDIAN STREET FOOD Tour DEEP in PUNJAB, INDIA | BE",The Food Ranger,735271.0,20786.0,2017|best|cheap|compilation|cooking|curry|dinner|india|kitchen|recipe|restaurant|travel
PeYARbPHcvk,PeYARbPHcvk,Solve Mysteries with Detective Pikachu!,The Official Pokémon YouTube C,439372.0,17772.0,nintendo
uSTNyHkde08,uSTNyHkde08,Why isn't the world covered in poop? - Eleanor Sla,TED-Ed,543182.0,16816.0,
BQC09Mdn24w,BQC09Mdn24w,THANKSGIVING SLAY MAKEUP TUTORIAL,James Charles,204520.0,17520.0,cute|easy makeup|makeup|makeup tutorial|thanksgiving|tutorial
6gFj1XJ6b5o,6gFj1XJ6b5o,CALLING OUT OLYMPIC CHAMPIONS!?  {Press Up Challen,Nile Wilson,327906.0,12955.0,fitness|gymnastics|success|vlog|vlogging
894rSubVE5E,894rSubVE5E,GUESS THAT SONG CHALLENGE: Oscar Winning Songs (ft,REACT,829743.0,16182.0,fbe|fine brothers|fine brothers entertainment|oscars|thefinebros
GeF_5qo00Uw,GeF_5qo00Uw,The House with a Clock in its Walls Trailer #1 (20,Movieclips Trailers,1305238.0,16089.0,horror|trailer
8Ojf1RVqRn4,8Ojf1RVqRn4,Rise - Super Bowl Commercial,Rise,23819.0,128.0,2018|drama|nbc|official trailer|trailer
T1B1CxmAXLk,T1B1CxmAXLk,LIFE OF THE PARTY - Official Trailer 1,Warner Bros. Pictures,2523415.0,8717.0,
6EHbZKLkeMg,6EHbZKLkeMg,Laura Govan Addresses Rumors Of Pregnancy & Affair,Breakfast Club Power 105.1 FM,153924.0,1130.0,celebrity news|charlamagne tha god|dj envy|interview|video
UelDrZ1aFeY,UelDrZ1aFeY,The Beatles - Something,TheBeatlesVEVO,300775.0,18859.0,rock|something|the
bcPTiiiYDs8,bcPTiiiYDs8,How pi was almost 6.283185...,3Blue1Brown,296379.0,11255.0,
WKcYTvyoidw,WKcYTvyoidw,Parenting Habits That Could Keep Children From Suc,Business Insider,44313.0,1073.0,parenting|relationships|science|success
FBhVIhmh_N8,FBhVIhmh_N8,Sister Circle Live | Dutchess Lattimore Exclusive,Sister Circle Live,157142.0,3217.0,beyonce|cardi b|charlamagne tha god|comedy|dj envy|entertainment|sky|the breakfast club|tv
xPsEiZAOb_I,xPsEiZAOb_I,GIVING AWAY MY YOUTUBE ADSENSE,Caspar,289976.0,40973.0,british|comedy|english|funny|haha|lol|pizza|youtube|youtuber
4cXsgT3ZcL8,4cXsgT3ZcL8,Black Girls React to Tarte Shape Tape Foundation |,Jackie Aina,1802838.0,110360.0,
56XbwQ59GbA,56XbwQ59GbA,Attack of the SHONGOLOLO!,Brave Wilderness,511809.0,15084.0,adventure|animals|creepy|insect|nature|wild|wildlife
Kf2-86o5S1o,Kf2-86o5S1o,Film Theory: The Bee Movie LIED To You!,The Film Theorists,5058013.0,127499.0,
kA66nAvEEII,kA66nAvEEII,Stephen A. shares theory on why Spurs' Kawhi Leona,ESPN,707341.0,4881.0,basketball|first|nba|on|season|smith|stephen
3ChgRbqGi-E,3ChgRbqGi-E,Kygo - Stranger Things ft. OneRepublic,KygoOfficialVEVO,3308845.0,141399.0,stranger things
4Uhe7pNqCFo,4Uhe7pNqCFo,Running Through Glass in Slow Motion,The Slow Mo Guys,1414582.0,57401.0,explosion
C_SJgw5MVFY,C_SJgw5MVFY,MisterWives - Oh Love,MisterWivesVEVO,21439.0,1605.0,alternative|love|records
s_LxZx42sIk,s_LxZx42sIk,What are mini brains? - Madeline Lancaster,TED-Ed,154748.0,7473.0,biology
wAQ7autd61g,wAQ7autd61g,The Final Countdown - Europe (Vintage Cabaret Cove,PostmodernJukebox,491961.0,16979.0,vintage
BHloD113J54,BHloD113J54,Young King - Black Panther Jaden Smith Parody (Ner,Nerdist,60902.0,3650.0,black panther|comedy|jaden smith|marvel|mcu|music video|parody
aTvw9_dxBlk,aTvw9_dxBlk,Jim Nabors dead at 87 (Thursday noon breaking repo,WTHR,32221.0,161.0,
gAcvbGuqG0Q,gAcvbGuqG0Q,Cam - Diane (Official Music Video),CamVEVO,351086.0,5513.0,country|country music|dolly parton|the voice
425M4M3Opkk,425M4M3Opkk,Christopher Robin Official Teaser Trailer,Disney Movie Trailers,6768054.0,138079.0,hd|official|owl|sneak peek|trailer
5VGxDEh3F0g,5VGxDEh3F0g,Iron Man: How It All Began,ScreenPrism,56072.0,2787.0,avengers|iron man|marvel|mcu
NZxVghfY6dk,NZxVghfY6dk,Troy: Fall Of A City | Official Trailer [HD] | Net,Netflix,605483.0,5634.0,comedy|documentary|drama|movies|streaming|television|trailer
ssk48FCVolk,ssk48FCVolk,Drop the Mic: Seth Rogen vs Joseph Gordon-Levitt -,TBS,1331964.0,17725.0,comedy|james corden|terry crews|the late late show
2nSXgn68gPQ,2nSXgn68gPQ,Samsung's Galaxy S9 event: Watch CNET's live cover,CNET,117924.0,1262.0,galaxy s9|samsung galaxy s9
I8TVdFbFMg4,I8TVdFbFMg4,BEST Black Friday Tech Deals 2017!,UrAvgConsumer,259918.0,9228.0,black friday|black friday 2017|black friday deals
c835XURBeLQ,c835XURBeLQ,Giving my 13 year old niece the 'emo phase',Tom Harlock,294794.0,20331.0,beauty|british|bts|cats|christmas|comedy|family|fun|kid|lifestyle|lol|make up|makeover|new|tutorial|vlogmas
9reizHjwuNY,9reizHjwuNY,WHAT IS THIS LINE? (on my Super Blue Blood Moon Ph,SmarterEveryDay,698580.0,26812.0,day|education|experiment|experiments|lunar|moon|nature|physics|rocket|science|slow|slow motion|space|sun
rYzLh2QuraQ,rYzLh2QuraQ,Match the Dog to Their Owner - Lineup,Cut,1682367.0,57854.0,challenges|dating|experiments|games|interviews|kids|love|relationships
4VDylTCCzOY,4VDylTCCzOY,Adam and Jenna's - Freestyle – Dancing with the St,Dancing With The Stars,325214.0,2365.0,abc|adam rippon|freestyle
jsnyz__pc5M,jsnyz__pc5M,Chloe x Halle - The Kids Are Alright - Official Mu,Chloe x Halle,164771.0,12146.0,beyonce|drop|fall|sky
-El8z4uy5Ac,-El8z4uy5Ac,The Best Movie Hell to End Up In - After Hours,Cracked,639982.0,16519.0,hercules
_odvYvbW9VM,_odvYvbW9VM,REAL CHICAGO DEEP DISH PIZZA = Pizza of Heaven!?,JOLLY,614802.0,10422.0,deep|dish|korean|new|pizza
1h7KV2sjUWY,1h7KV2sjUWY,True Facts : Ant Mutualism,zefrank1,988810.0,58038.0,
rYcnh7hXOjE,rYcnh7hXOjE,Why old buildings use the same leaf design,Vox,790583.0,15349.0,roman
dEs6-IfOGbw,dEs6-IfOGbw,"Mexican STREET FOOD Tour in Oaxaca, Mexico | BEST ",The Food Ranger,746367.0,14340.0,amazing|best|breakfast|cheap|cooking|deep|heaven|tour|vlog
rZQepOFnYi8,rZQepOFnYi8,BEST REACTION EVER! - Mickey and Minnie at Drive-T,Brian Hull,1162341.0,29484.0,disney|family friendly|funny
m7lFyINZlBs,m7lFyINZlBs,Cardi B Confirms Pregnancy,Wendy Williams,1048231.0,9906.0,cardi b|celebrity news|entertainment|talk show
XzzQL96yAwE,XzzQL96yAwE,Love at First Sight,Studio C,502559.0,13383.0,awkward|comedy|dating|funny|laugh|lol|love|sketch comedy|snl|weird
hiGqKwy4yM0,hiGqKwy4yM0,Charli XCX - Backseat (feat. Carly Rae Jepsen) [Of,officialcharlixcx,210114.0,5845.0,back|charlie|pop
46KwY26PeOs,46KwY26PeOs,Occupied - Cyanide & Happiness Shorts,ExplosmEntertainment,1346784.0,48342.0,animated|cartoon|comedy|funny|game|humor
p1jllz43xZE,p1jllz43xZE,Ellie Kemper and Mindy Kaling Reminisce About The ,Late Night with Seth Meyers,473884.0,4665.0,bridesmaids|comedy|funny|host|humor|inside out|mindy kaling|nbc|nbc tv|no strings attached|parody|satire|talk show|television|the mindy project|the office|wreck-it ralph
zNqSvg5qwGw,zNqSvg5qwGw,Sharon Stone on second chances,CBS Sunday Morning,466046.0,1264.0,news
tEnCoocmPQM,tEnCoocmPQM,Halsey - Sorry,HalseyVEVO,5332396.0,283092.0,alternative|music video|official video
Up09AUDzLVI,Up09AUDzLVI,I Invented a Real Gravy Train,William Osman,286704.0,10933.0,thanksgiving
rzVJrBOsf0M,rzVJrBOsf0M,How to Make a Ping Pong Table // Collab with Evan ,I Like To Make Stuff,233758.0,6806.0,arduino|collab|how to|how-to|ping pong|wood
QFfEtKvXMAs,QFfEtKvXMAs,Niall Horan - Too Much To Ask (Acoustic),NiallHoranVEVO,419341.0,53572.0,
_wNZbgBPz1Q,_wNZbgBPz1Q,Thanos has a great plan,Jenny Nicholson,405093.0,19903.0,
ife5Zij94_E,ife5Zij94_E,Evanescence - Together Again (Official Audio),EvanescenceVEVO,333536.0,14759.0,company|music|rock|the
pqzopUurZPc,pqzopUurZPc,Fox and Owl Face Off || ViralHog,ViralHog,341197.0,1549.0,2018|animals|canada|cool|face|fox|humor|nature|owl|pets|trending|weird
hahlygBa6yQ,hahlygBa6yQ,vegan eggs benedict *hunger warning*,Julien Solomita,219772.0,18187.0,challenge|girlfriend|how to|jenna|vlogs
kxkrdLI6e6M,kxkrdLI6e6M,How Dark Patterns Trick You Online,Nerdwriter1,583970.0,37091.0,education
7uvxjNut1gk,7uvxjNut1gk,QUARTZ – The World's First Self-Cleaning Water Bot,QUARTZ,65821.0,34.0,
fKuxh0E9mSI,fKuxh0E9mSI,CHVRCHES - My Enemy ft. Matt Berninger,ChvrchesVEVO,266452.0,8143.0,alternative|my
lBbSzQXQknw,lBbSzQXQknw,And the WINNER of Britain’s Got Talent 2018 is... ,Britain's Got Talent,4678751.0,53469.0,2018|simon cowell|voice|winner
BlHVpQfxJt4,BlHVpQfxJt4,DIY POCKY - VERSUS 東京 ft. Simon & Martina,HellthyJunkFood,273204.0,8901.0,
6VrqR_GfvzE,6VrqR_GfvzE,björk: arisen my senses,Björk,150724.0,8266.0,music video|official video
jCb-WcxO5SU,jCb-WcxO5SU,If Commercials were Real Life - Daytona 500/Apple ,Zebra Corner,1829190.0,58846.0,
8fbyfDbi-MI,8fbyfDbi-MI,Lift Yourself,Kanye West - Topic,3667159.0,87776.0,
phXTecbj6NI,phXTecbj6NI,Hollywood Medium Connects Me With My Late Mom (360,Gigi Gorgeous,177288.0,5253.0,beauty|fashion|hollywood|reality tv
0EPY1CKFecs,0EPY1CKFecs,The True Messed Up Story of Pocahontas,CollegeHumor,2441222.0,58980.0,animation|behind the scenes|british|comedy|creepy|disney|funny|history|humor|irl|sketch|sketch comedy
TM42O6kYbI8,TM42O6kYbI8,Why the Oscars love method actors,Vox,356363.0,9666.0,oscars
5llHhbYjBwY,5llHhbYjBwY,Markelle Fultz Makes His Return To The Court!,NBA,219523.0,3683.0,amazing|basketball|game|games|highlights|plays|sports
V5cOvyDpWfM,V5cOvyDpWfM,Fergie Performs The U.S. National Anthem / 2018 NB,MLG Highlights,14647590.0,32892.0,basketball|game|nba|plays|sports|stephen|team
_oZIbFolJTw,_oZIbFolJTw,RGB Pixel Christmas Tree,VOsprey22,3137.0,24.0,christmas tree
__-22AJoFxY,__-22AJoFxY,The Vamps - Same To You (Acoustic),TheVampsVEVO,270838.0,31167.0,pop|the|to|you
YvEGAcgpwqQ,YvEGAcgpwqQ,Grab Your Partner | Kevin Hart: What The Fit | Lau,LOL Network,181782.0,5659.0,jack black|james corden|leslie jones|rhett and link|series|terry crews|wtf
BOKzXQdA4Nw,BOKzXQdA4Nw,ISLE OF DOGS | Cast Interviews | FOX Searchlight,FoxSearchlight,406130.0,6025.0,behind the scenes|trailer
fGHOLz35L8M,fGHOLz35L8M,Yellow Labrador dumped after being used for breedi,Hope For Paws - Official Rescu,564515.0,26005.0,
pFc6I0rgmgY,pFc6I0rgmgY,BLACKkKLANSMAN - Official Trailer [HD] - In Theate,Focus Features,5249452.0,35844.0,childish gambino|get out|jordan peele|movie trailers|movies|official trailer|star wars|this is america|trailer|trailers
lJmDmfQOWVw,lJmDmfQOWVw,BECOMING ADAM RIPPON // Grace Helbig,Grace Helbig,138097.0,8821.0,adam rippon|makeover
r-8NzNW6mXs,r-8NzNW6mXs,Meet the World’s Most Terrifying Caterpillar,SciShow,305623.0,10184.0,animation|biology|education|experiment|fly|hawaii|insect|learn|science
xf4iv4ic70M,xf4iv4ic70M,GOOGLE PICKS MY MAKEUP CHALLENGE! Carli Bybel,Carli Bybel,537376.0,23409.0,challenge|makeup tutorial
fcVjitaM3LY,fcVjitaM3LY,78557 and Proth Primes - Numberphile,Numberphile,80705.0,4687.0,
Nl0iGMkxwcc,Nl0iGMkxwcc,The Sibling Rivalry Behind Adidas Versus Puma,Great Big Story,144823.0,4626.0,competition|cool|documentary|family|history
7OsFH1XBUG8,7OsFH1XBUG8,What Will Fire Crackers Do in Gasoline?,The King of Random,1475727.0,20443.0,cool|experiment|experiments|explosion|extreme|fire|how to|science|test|what happens
Oc27GxSD_bI,Oc27GxSD_bI,How I broke a wine glass with my voice (using scie,Physics Girl,140445.0,9466.0,education|fun|science|stem|voice|weird
MKc22HuE_94,MKc22HuE_94,Ellen Looks Back at Her Favorite Pranks,TheEllenShow,577033.0,10584.0,bruno mars|funny|hilarious|mars|nurse|prank|pranks|singing|superbowl
K5lmXgKi6V0,K5lmXgKi6V0,"Sandra Bullock, Sarah Paulson & Awkwafina's Secret",The Late Late Show with James ,216239.0,4542.0,cbs|celebrities|celebrity|comedian|comedy|entertainment|famous|funny|funny video|hollywood|humor|interview|jokes|sarah paulson
H-WEhug-up8,H-WEhug-up8,Homeless Cats,AaronsAnimals,1283463.0,34903.0,animals|cat|cats|kittens
kUosDBUjq5A,kUosDBUjq5A,LUXURIOUS All You Can Eat BUFFET in Mumbai India!,Strictly Dumpling,290559.0,9156.0,chef|cooking|india|indian food|recipe|travel
QBzQeyHh0i8,QBzQeyHh0i8,Victoria Beckham Says Yes to a Spice Girls Carpool,The Late Late Show with James ,631623.0,8100.0,cbs|celebrities|celebrity|comedian|comedy|famous|funny|funny video|hollywood|humor|jokes
Wk6Z7HLpx8s,Wk6Z7HLpx8s,"Magnitude 8.2 earthquake strikes Alaska, tsunami w",ABC Action News,1019354.0,6653.0,alaska|earthquake|for|tsunami|us|watch
_YSVbM1saXM,_YSVbM1saXM,2017 Hit Songs Siblings Dance | Ranz and Niana,Ranz Kyle,1034042.0,79963.0,2017|2018|challenge|compilation|dance|despacito|goals|mashup|niana guerrero|trending|viral|vlog|vlogs
JlcJaCS4BPM,JlcJaCS4BPM,Silence Breakers: Women Affected By Sexual Miscond,TODAY,24397.0,227.0,fitness|lifestyle|nbc|sexual harassment|time
5XUwdZkM6N8,5XUwdZkM6N8,MY FACE CHART RECREATION! | MILK1422,LustreLux,137034.0,8598.0,how to|tutorial
vug4bROR79I,vug4bROR79I,Cleveland Cavaliers vs Toronto Raptors Full Game H,MLG Highlights,2707990.0,13369.0,basketball|nba
qF7SRQFd49E,qF7SRQFd49E,Anderson Cooper’s tribute to his friend Anthony Bo,CNN,2697565.0,36029.0,anderson cooper|entertainment|us news
PzcaR1N0pTI,PzcaR1N0pTI,Mary Poppins Returns Official Teaser Trailer,Disney Movie Trailers,3141764.0,57674.0,classic|film|hd|lin-manuel miranda|music|musical|preview|singing|song|trailer
lJkXbzQPIkM,lJkXbzQPIkM,WHAT'S THE BEST HOLIDAY GIFT?/ GABY & ALLISON,Just Between Us,61757.0,3882.0,comedy|dating|funny|humor|lgbt|love|relationships|sex
