node_id,node_type,original_id,display_name,channel,views,likes
user_543246,user,543246,User_543246,,,
user_134091,user,134091,User_134091,,,
user_577292,user,577292,User_577292,,,
user_438558,user,438558,User_438558,,,
user_40404,user,40404,User_40404,,,
user_22954,user,22954,User_22954,,,
user_410420,user,410420,User_410420,,,
user_113534,user,113534,User_113534,,,
user_13772,user,13772,User_13772,,,
user_125689,user,125689,User_125689,,,
user_87395,user,87395,User_87395,,,
user_4295,user,4295,User_4295,,,
user_397186,user,397186,User_397186,,,
user_146322,user,146322,User_146322,,,
user_170638,user,170638,User_170638,,,
user_435982,user,435982,User_435982,,,
user_105466,user,105466,User_105466,,,
user_391585,user,391585,User_391585,,,
user_265403,user,265403,User_265403,,,
user_248149,user,248149,User_248149,,,
user_35778,user,35778,User_35778,,,
user_113498,user,113498,User_113498,,,
user_480182,user,480182,User_480182,,,
user_170930,user,170930,User_170930,,,
user_355620,user,355620,User_355620,,,
user_125478,user,125478,User_125478,,,
user_446987,user,446987,User_446987,,,
user_774,user,774,User_774,,,
user_26667,user,26667,User_26667,,,
user_218602,user,218602,User_218602,,,
user_69545,user,69545,User_69545,,,
user_184824,user,184824,User_184824,,,
user_287868,user,287868,User_287868,,,
user_169749,user,169749,User_169749,,,
user_68271,user,68271,User_68271,,,
user_148250,user,148250,User_148250,,,
user_14945,user,14945,User_14945,,,
user_208683,user,208683,User_208683,,,
user_278190,user,278190,User_278190,,,
user_74011,user,74011,User_74011,,,
user_201426,user,201426,User_201426,,,
user_129825,user,129825,User_129825,,,
user_180974,user,180974,User_180974,,,
user_398918,user,398918,User_398918,,,
user_226112,user,226112,User_226112,,,
user_505581,user,505581,User_505581,,,
user_20775,user,20775,User_20775,,,
user_339530,user,339530,User_339530,,,
user_11867,user,11867,User_11867,,,
user_246476,user,246476,User_246476,,,
user_57544,user,57544,User_57544,,,
user_74200,user,74200,User_74200,,,
user_514739,user,514739,User_514739,,,
user_33936,user,33936,User_33936,,,
user_9760,user,9760,User_9760,,,
user_268157,user,268157,User_268157,,,
user_41606,user,41606,User_41606,,,
user_318518,user,318518,User_318518,,,
user_143016,user,143016,User_143016,,,
user_42866,user,42866,User_42866,,,
user_279205,user,279205,User_279205,,,
user_208704,user,208704,User_208704,,,
user_446971,user,446971,User_446971,,,
user_94093,user,94093,User_94093,,,
user_74420,user,74420,User_74420,,,
user_551600,user,551600,User_551600,,,
user_337486,user,337486,User_337486,,,
user_204324,user,204324,User_204324,,,
user_431026,user,431026,User_431026,,,
user_181680,user,181680,User_181680,,,
user_10140,user,10140,User_10140,,,
user_160414,user,160414,User_160414,,,
user_242843,user,242843,User_242843,,,
user_176400,user,176400,User_176400,,,
user_27408,user,27408,User_27408,,,
user_488620,user,488620,User_488620,,,
user_601776,user,601776,User_601776,,,
user_51500,user,51500,User_51500,,,
user_247123,user,247123,User_247123,,,
user_170810,user,170810,User_170810,,,
user_64997,user,64997,User_64997,,,
user_7688,user,7688,User_7688,,,
user_172975,user,172975,User_172975,,,
user_4324,user,4324,User_4324,,,
user_194084,user,194084,User_194084,,,
user_606793,user,606793,User_606793,,,
user_181853,user,181853,User_181853,,,
user_9171,user,9171,User_9171,,,
user_169237,user,169237,User_169237,,,
user_511549,user,511549,User_511549,,,
user_456141,user,456141,User_456141,,,
user_38361,user,38361,User_38361,,,
user_235238,user,235238,User_235238,,,
user_212210,user,212210,User_212210,,,
user_94964,user,94964,User_94964,,,
user_23403,user,23403,User_23403,,,
user_181087,user,181087,User_181087,,,
user_285112,user,285112,User_285112,,,
user_439107,user,439107,User_439107,,,
user_117095,user,117095,User_117095,,,
video_D_CZ8v9uZJY,video,D_CZ8v9uZJY,FULL FACE OF MAKEUP IM THROWING OUT 2018,Laura Lee,1179451,56241
video_SPD1v_8RQUY,video,SPD1v_8RQUY,Getting Recognized at Disneyland,itsAlexClark,566206,18202
video_Xpv-sEKl1B4,video,Xpv-sEKl1B4,"Why You Should Wake Up at 4:30 AM Every Day, Accor",Business Insider,3688037,73439
video_OTEIbWy8AvY,video,OTEIbWy8AvY,Interstellar Travel with Wendover and Neil Tyson,StarTalk,236942,8239
video_AFbu21AGSho,video,AFbu21AGSho,Watch a Hercules Beetle Metamorphose Before Your E,Nat Geo WILD,912852,15611
video_b191evqWAwE,video,b191evqWAwE,Game Rewind: Watch Loyola Chicago advance to their,NCAA March Madness,271503,1866
video_CvkOWb1U-LI,video,CvkOWb1U-LI,Why Are Progress Bars Wrong So Often?,Techquickie,282309,12547
video_q260bjSiyq0,video,q260bjSiyq0,The Floppotron: Toto - Africa,Paweł Zadrożniak,322502,15436
video_pMpQABKlC-I,video,pMpQABKlC-I,How To Speak Internet 101 (ft. Will Smith),IISuperwomanII,3691632,226845
video_O4_JNAFClFk,video,O4_JNAFClFk,NASA Launches InSight to Mars (part 1),NASA Jet Propulsion Laboratory,248524,2424
video_Hgiu9cqph5Y,video,Hgiu9cqph5Y,A Japanese Take on American Sushi,JunsKitchen,2576471,124891
video_FITSPSA8gQs,video,FITSPSA8gQs,Camila Cabello - Never Be the Same (Audio),CamilaCabelloVEVO,6062169,363560
video_8pffcngJJq0,video,8pffcngJJq0,Relay attack Solihull,West Midlands Police,505104,378
video_0bSE-rh7jFg,video,0bSE-rh7jFg,When the girl you're wrestling has a tough little ,RM Videos,817094,854
video_dbMtuJ1tZnc,video,dbMtuJ1tZnc,Karl Pilkington predicts Black Mirror (spoilers),matt,666665,12417
video_bS_Zr-Hu4Mw,video,bS_Zr-Hu4Mw,Blonde to Black Hair with Grav3yardgirl,Guy Tang,1012514,28334
video_UOHURuAf5iY,video,UOHURuAf5iY,Questions about Concrete Answered - The Basics,Practical Engineering,227784,13027
video_2in8XqiElwc,video,2in8XqiElwc,Nicki Minaj - Chun-Li (Live on SNL / 2018),NickiMinajAtVEVO,4670928,184818
video_CVPp5FtQN8E,video,CVPp5FtQN8E,Disney Princess Hand Pies,Pies Are Awesome,1776,17
video_hHFuZVGpBC0,video,hHFuZVGpBC0,Crushing and Slicing Red Hot Steel with Hydraulic ,Hydraulic Press Channel,591674,10770
video_LnA7Au-DLUM,video,LnA7Au-DLUM,Meat Expert Guesses Cheap vs Expensive Deli Meats ,Epicurious,1745551,24903
video_flLc6LmAG6c,video,flLc6LmAG6c,HONNE - Location Unknown ◐ (feat. Georgia),H O N N E,512846,13597
video_SMvZa784oow,video,SMvZa784oow,My Everyday 10 Minute Makeup Tutorial | UPDATED,Laura Lee,572110,29364
video_PZxyNX8J7Y4,video,PZxyNX8J7Y4,Liza Koshy & Gabbie Hanna Become Mermaids IRL | Li,TRL,1652804,59604
video_baj6llvgpWA,video,baj6llvgpWA,Justin Timberlake - Man of the Woods (Official Vid,justintimberlakeVEVO,5406421,119342
video_D2mxKEa2xmA,video,D2mxKEa2xmA,10 Most Devastating Cyber Attacks in History,MatthewSantoro,218721,7893
video_qeWvgZLz9yU,video,qeWvgZLz9yU,A Smart... MUG?! - Take apart a Heated Thermos!,JerryRigEverything,256761,13909
video_U7x9pTb9Lwg,video,U7x9pTb9Lwg,Still to Come this Season on Keeping Up With the K,E! Entertainment,69862,550
video_96oKlWv5wSo,video,96oKlWv5wSo,AMAZING All You Can Eat  BBQ KEBAB Buffet in India,Strictly Dumpling,581614,12369
video_dDZoGcQVjJg,video,dDZoGcQVjJg,A one-man musical phenomenon | Jacob Collier,TED,35876,1671
video_7bDvhiHoH-c,video,7bDvhiHoH-c,Seafood Sausage - Food Wishes - Fish Sausage Recip,Food Wishes,186548,6260
video_ODLwIlXK-9o,video,ODLwIlXK-9o,How Masterchef Hugo Ortega Went from Dishwasher to,Eater,24860,702
video_b03U6BYF9L0,video,b03U6BYF9L0,Debunking Anti-Vaxxers,AsapSCIENCE,790912,48896
video_EhSXsTSNDyo,video,EhSXsTSNDyo,5 Seconds Of Summer - Want You Back (Official Vide,5SOSVEVO,4611406,346614
video_kce9FMxx-04,video,kce9FMxx-04,The Twelfth Doctor Regenerates: Peter Capaldi to J,BBC,1461207,18543
video_zPJl2e38S4g,video,zPJl2e38S4g,Walk it like I talk it - Wocket in my pocket - Mig,ScatterBrain News,2154665,159414
video_L3br0klRqF4,video,L3br0klRqF4,Watch live: Sessions testifies to the House Judici,Washington Post,137003,580
video_fJe0cmOvM94,video,fJe0cmOvM94,Match the Job to the Person | Lineup | Cut,Cut,2073539,55456
video_al2l6YLt7cg,video,al2l6YLt7cg,"NCT 127 on Latest Single 'Touch', New Album 'NCT 1",Billboard,334967,41905
video_ANDqRchWuMc,video,ANDqRchWuMc,Westworld - Season  1 Review,Jeremy Jahns,176772,8975
video_p-OCfiglZRQ,video,p-OCfiglZRQ,Can Light be Black? Mind-Blowing Dark Light Experi,The Action Lab,2786923,53689
video_QXcbVHFE2bo,video,QXcbVHFE2bo,How-To Make Chocolate Mousse with Matty Matheson,Munchies,442698,14407
video_fVVS9Tng7C0,video,fVVS9Tng7C0,See Lala And Kway's Epic And Hilarious Dance-Off |,BETNetworks,198051,4657
video_45tSUnisIos,video,45tSUnisIos,5 Signs You Work With Cats,Cole and Marmalade,169542,11543
video_Ji_4dH_FXzw,video,Ji_4dH_FXzw,2018 Preakness Stakes I FULL RACE I NBC Sports,NBC Sports,649426,2296
video_ic1kMoM_kPw,video,ic1kMoM_kPw,Dylan Farrow details her sexual assault allegation,CBS This Morning,173889,846
video_OBOm_jatVCI,video,OBOm_jatVCI,Blind Fast Food Sub Sandwich Taste Test,Good Mythical Morning,2215447,39203
video_sJzWZ1yXpek,video,sJzWZ1yXpek,Hot Wheels in the Garden,5MadMovieMakers,502880,5551
video_Es9CfWMmPRU,video,Es9CfWMmPRU,$120 McGriddle Taste Test | FANCY FAST FOOD,Good Mythical Morning,1259565,21892
video_1RZYOeQeIXE,video,1RZYOeQeIXE,Sarah Paulson Gets Scared During '5 Second Rule',TheEllenShow,704786,19880
video_e_7zHm7GsYc,video,e_7zHm7GsYc,Hunter Hayes - You Should Be Loved (Part One Of Pi,Hunter Hayes,13917,1318
video_9JBKuNrd5m8,video,9JBKuNrd5m8,I WENT TO PIXAR ANIMATION STUDIOS!! (The Incredibl,DanTDM,1594811,39008
video_CwKp6Xhy3_4,video,CwKp6Xhy3_4,Chris Young - Hangin' On,ChrisYoungVEVO,272987,4091
video_2BwxeOzSx8A,video,2BwxeOzSx8A,"Don't Worry, He Won't Get Far On Foot - Official T",Amazon Studios,1103339,363
video_t1shnJT8NCY,video,t1shnJT8NCY,"We Can All Do Better Than Roy Moore | November 15,",Full Frontal with Samantha Bee,619920,7604
video_prmQgSpV3fA,video,prmQgSpV3fA,BLACK THOUGHT FREESTYLES ON FLEX | #FREESTYLE087,HOT 97,1576501,63519
video_M61Vt1C69JA,video,M61Vt1C69JA,Breakfast Sandwich Maker Competition,Good Mythical MORE,366647,7503
video_QAt8kU3TQfQ,video,QAt8kU3TQfQ,The Most Mysterious Star in the Universe We Can't ,RealLifeLore,435859,16174
video_nk3a7zq84Co,video,nk3a7zq84Co,Game Day Artichoke Dip - You Suck at Cooking (epis,You Suck At Cooking,392478,22821
video_fRFCXQ3HgdY,video,fRFCXQ3HgdY,Ohio State vs Michigan | Highlights | FOX COLLEGE ,FOX Sports,176838,1069
video_o7Ax6SRTGks,video,o7Ax6SRTGks,Cake Decorator Vs. Artist,BuzzFeedVideo,2734361,58264
video_Fj3euSYAtnc,video,Fj3euSYAtnc,BTS (방탄소년단) - Airplane pt.2 @BTS COMEBACK SHOW,BANGTANTV,5414339,571108
video_e77J4g0LMOk,video,e77J4g0LMOk,Little Mix bring the Power & CNCO to The X Factor ,The X Factor UK,4695293,158565
video_-o7zywbiFVI,video,-o7zywbiFVI,Celebrity Chef Mario Batali Accused Of Sexual Misc,MSNBC,49761,350
video_ulCdoCfw-bY,video,ulCdoCfw-bY,The Black Hole Bomb and Black Hole Civilizations,Kurzgesagt – In a Nutshell,3154240,170938
video_SFr0fCgrTNQ,video,SFr0fCgrTNQ,10 Crazy eBay Items!,Matthias,1288373,85126
video_HrQNdClwMs4,video,HrQNdClwMs4,DIY GIANT McDONALDS HASH BROWN 🍟 - VERSUS,HellthyJunkFood,1957964,25829
video_MSzytvDsPfo,video,MSzytvDsPfo,Cut for Time: Hallmark Channel Christmas Promo (Ja,Saturday Night Live,1082383,14146
video_V_jU_ssWvc4,video,V_jU_ssWvc4,Anderson Cooper and Andy Cohen Met on a Failed Bli,The Tonight Show Starring Jimm,525233,6798
video_TTogFxTu_vA,video,TTogFxTu_vA,This Giant Kielbasa Helped a Michelin-starred Rest,Eater,465368,4441
video_1purAy2MsOc,video,1purAy2MsOc,22 Years of Life Milestone,TheOdd2sOut,976989,87452
video_qT0mpVcH3ZU,video,qT0mpVcH3ZU,"New Year, New Me | Rudy Mancuso & Stephen Curry",Rudy Mancuso,2307087,137870
video_Zn99TMv0vac,video,Zn99TMv0vac,Answering the Call,Verizon,122141,841
video_UZ47aQFp2TQ,video,UZ47aQFp2TQ,ELDERS REACT TO WALMART YODEL BOY,FBE,1761886,34692
video_SkcucKDrbOI,video,SkcucKDrbOI,HOW TO TRAIN YOUR DRAGON: THE HIDDEN WORLD | Offic,DreamWorksTV,3733256,75328
video_YML2DM0K8DQ,video,YML2DM0K8DQ,Keith Urban - Coming Home (Lyric Video) ft. Julia ,KeithUrbanVEVO,845718,8756
video_lrWRy9BBp-c,video,lrWRy9BBp-c,ELDERS REACT TO UGANDAN KNUCKLES MEMES,FBE,2885259,74767
video_tpa4kp4lK60,video,tpa4kp4lK60,I have a brain tumor.,Simone Giertz,2865758,248715
video_ijUK3z5rt5s,video,ijUK3z5rt5s,I said Gucci Gang 1000000 Times. Here are the last,Graham The Christian,2139663,62915
video_WCKG9J1d5iE,video,WCKG9J1d5iE,Major bank ends long-time partnership with NRA,Fox Business,31798,447
video_XCrJ3NflOpE,video,XCrJ3NflOpE,A New View of the Moon,To Scale:,230399,5208
video_Evz-ZQC8wss,video,Evz-ZQC8wss,TSA Check,Studio C,439972,12086
video_BPmAxzEJpWA,video,BPmAxzEJpWA,Snoop Dogg - One More Day (feat. Charlie Wilson) f,SnoopDoggVEVO,2472141,37097
video_jpH-8HiMCRI,video,jpH-8HiMCRI,Deep Fried Ice Cream & Cookie Dough & Funfetti?! (,Clevver Style,386837,16503
video_-xAMnJgc3oA,video,-xAMnJgc3oA,Janelle Monáe – I Like That [Official Audio],Janelle Monáe,382903,16787
video_8jp3SxojXpU,video,8jp3SxojXpU,Portland-bound Amtrak train derails in Washington;,The Oregonian,354467,1433
video_5Js4TMKutCo,video,5Js4TMKutCo,Bret Interview with Devin Nunes,Bret Baier,130302,1232
video_K0u_kAWLJOA,video,K0u_kAWLJOA,God of War – Story Trailer | PS4,PlayStation,2500865,94731
video_XAzqBDFs418,video,XAzqBDFs418,Battle with Charlie Puth | Rudy Mancuso,Rudy Mancuso,1752883,137210
video_HbKnEQdCjGg,video,HbKnEQdCjGg,Lewis Capaldi - Rush (Official Audio) ft. Jessie R,LewisCapaldiVEVO,330327,13206
video_6j-s9E3dRQ0,video,6j-s9E3dRQ0,F The Prom (2017) | Official Trailer HD,The Orchard Movies,874883,18686
video_t_bnyOOFDNM,video,t_bnyOOFDNM,COLLEGE KIDS REACT TO ROSEANNE CANCELED?! (Twitter,FBE,842195,17314
video_VYOjWnS4cMY,video,VYOjWnS4cMY,Childish Gambino - This Is America (Official Video,ChildishGambinoVEVO,167997997,4281819
video_8ll04Zzw5UM,video,8ll04Zzw5UM,Lady Gaga - Joanne (Where Do You Think You’re Goin,LadyGagaVEVO,3363100,202829
video_vL2-H_0V7nw,video,vL2-H_0V7nw,"You're Not Edgy, You're Just Lazy",CollegeHumor,1005860,33110
video_akNs04ef_Co,video,akNs04ef_Co,I Read A Letter From My Younger Self,AmazingPhil,629985,102668
video_puqaWrEC7tY,video,puqaWrEC7tY,Nickelback Lyrics: Real or Fake?,Good Mythical Morning,827546,15887
video_-C5q3oir8gA,video,-C5q3oir8gA,Will It Christmas Tree?,Good Mythical Morning,686367,16228
video_TsT5GLWgSkU,video,TsT5GLWgSkU,Reacting to Avengers: Infinity War trailer,jacksfilms,966085,81699
video_u7KZrt_cHH0,video,u7KZrt_cHH0,UNSANE | Official Trailer | In theaters March 23,Bleecker Street,1267983,2504
video_bqbWMgkvedI,video,bqbWMgkvedI,Decorating Our Christmas Tree & Princess Dress | V,Tanya Burr,141529,5659
video_4L-BPQVZYXM,video,4L-BPQVZYXM,Razer Phone Review: The Real Deal!,Marques Brownlee,1409442,51315
video_hB07EJhMBRs,video,hB07EJhMBRs,A Dad Didn't Brush His Teeth For 40 Days. This Is ,Chubbyemu,467623,23805
video_c3BTGJgd8Wo,video,c3BTGJgd8Wo,"Ashanti Talks Murda Inc, Relationships, New Music ",Breakfast Club Power 105.1 FM,617338,6952
video_CbWP9nvnRhw,video,CbWP9nvnRhw,The Pun Challenge!?,nigahiga,3495861,206325
video_-txKpma65ZU,video,-txKpma65ZU,"Forced Arbitration | January 31, 2018 Act 2 | Full",Full Frontal with Samantha Bee,237548,4134
video_Mjl4OReUX-c,video,Mjl4OReUX-c,When mum gets dad's car wrapped for Valentines Day,LadBaby Official,211669,7323
video_S0OICOBR19Q,video,S0OICOBR19Q,Why You Shouldn't Give Ginger To Monkeys (and othe,MinuteEarth,341980,11773
video_lk8lozFBXpo,video,lk8lozFBXpo,EVERY GAME STORE EVER,Smosh,1629409,56980
video_lD1mPectYOM,video,lD1mPectYOM,"Town of Reston: “Small Town, Big Mystery” - Impuls",Impulse,735962,7788
video_MUWUHf-rzks,video,MUWUHf-rzks,How to Make an Elephant Explode with Science – The,Kurzgesagt – In a Nutshell,1851183,105292
video_xqj7XOv9mC8,video,xqj7XOv9mC8,PAPILLON | Official Trailer,Bleecker Street,1490289,1840
video_X9Qh8vsSE-c,video,X9Qh8vsSE-c,"I Filled My Swimming Pool with 10,000 Water Balloo",Guava Juice,1509739,72244
video_kfOeQj7HsCE,video,kfOeQj7HsCE,Chris Evans opens up about 'Avengers: Infinity War,Good Morning America,972529,18510
video_J_CFBjAyPWE,video,J_CFBjAyPWE,Red Velvet 레드벨벳 'Bad Boy' MV,SMTOWN,19392316,1040557
video_9POblaMln4Q,video,9POblaMln4Q,Types Of People at the Gym,MamaMiaMakeup,875901,41515
video__vrcsnkXCI8,video,_vrcsnkXCI8,I GAVE MY MOM HER FIRST MAKEOVER EVER AND SHE CRIE,Bramty Juliette,390232,31417
video_6Y65fxIRs8Q,video,6Y65fxIRs8Q,Big sister reflexes,BrasherN,2761070,36036
video_FlsCjmMhFmw,video,FlsCjmMhFmw,YouTube Rewind: The Shape of 2017 | #YouTubeRewind,YouTube Spotlight,149376127,3093544
video_S-4rhjO6xYg,video,S-4rhjO6xYg,STRANGER THINGS: A Bad Lip Reading,Bad Lip Reading,4815667,251314
video_JRocY48P0qA,video,JRocY48P0qA,The Toyota Previa Is the Weirdest Minivan Ever,Doug DeMuro,1472121,27268
video_hbcH02YynOA,video,hbcH02YynOA,FULL GLAM IN 10 MINUTES MAKEUP CHALLENGE W. KRISTE,Laura Lee,400847,21112
video_DV1OqgHb3jc,video,DV1OqgHb3jc,How To Make a Vegan Curry,HowToBasic,4570096,269669
video_iZUfPIKbgUM,video,iZUfPIKbgUM,Bar Essentials | Basics with Babish,Binging with Babish,983181,30918
video_fNVUTgd4pio,video,fNVUTgd4pio,Sugarland - Babe (Static Video) ft. Taylor Swift,SugarlandVEVO,1664399,50908
video_JANApS0P4z8,video,JANApS0P4z8,Casually Explained: Levels of Wealth,Casually Explained,2836959,115670
video_XkVwqEdYlNA,video,XkVwqEdYlNA,The Last Jedi Cast Touches Bearded Dragons & Other,Vanity Fair,855787,31762
video_e5IRkF20JmU,video,e5IRkF20JmU,REACTING to BTS Mic Drop! (MV),Wassabi Productions,469527,26655
video_LC3fWTXZXxE,video,LC3fWTXZXxE,9 Travel Life Hacks + How to Pack for Vacation!!,AlishaMarie,998362,70972
video_C7mxTEskjQg,video,C7mxTEskjQg,A Friendly Arctic Fox Greets Explorers | National ,National Geographic,407936,10213
video_YfOHh5mt9SM,video,YfOHh5mt9SM,i have a condition that makes me feel like i'm dre,doddlevloggle,440000,44900
video_-BDImdAfodA,video,-BDImdAfodA,Kylie Minogue - Dancing (Official Video),KylieMinogueOnVEVO,855031,27709
video_7LjC-nUPrNg,video,7LjC-nUPrNg,Kids Try 100 Years of the Most Expensive Foods | B,Bon Appétit,3708663,40325
video_jVNepCaqJok,video,jVNepCaqJok,My asthmatic kitty cat getting his meds,BaconLegs,253710,5721
video_r2ys-AimNbE,video,r2ys-AimNbE,“First Burn” [Official Video],Hamilton: An American Musical,2098175,94916
video_lOz7cPJQd8E,video,lOz7cPJQd8E,Tesla CEO Elon Musk offers rare look inside Model ,CBS This Morning,785651,10119
video_Pymm6cmE9uQ,video,Pymm6cmE9uQ,SICARIO 2: SOLDADO - Official Teaser Trailer (HD),Sony Pictures Entertainment,3337851,31538
video_bEWLOo12UAU,video,bEWLOo12UAU,Picking the 2018 XXL Freshman 10th Spot,fantano,248952,6029
video_Eswl8SSywzA,video,Eswl8SSywzA,How To Make an Ocarina of Time IRL,The King of Random,641418,14459
video_VXQ1FD77egw,video,VXQ1FD77egw,DIY SUPER LONG FRENCH FRY - VERSUS,HellthyJunkFood,538551,15418
video_5TbUxGZtwGI,video,5TbUxGZtwGI,Time: The History & Future of Everything – Remaste,Kurzgesagt – In a Nutshell,2626381,167615
video_n6gD02uqx5Q,video,n6gD02uqx5Q,Ant-Man and The Wasp Trailer Drops + Black Panther,ColliderVideos,76714,2166
video_D8PXRnN0KPU,video,D8PXRnN0KPU,Moving Pictures 2017 - Movie Trailers Mashup,Clark Zhu,14651,129
video__kwsw07w8lU,video,_kwsw07w8lU,MY CLOSET TOUR 2018! Carli Bybel,Carli Bybel,836260,42451
video_HOxylh5runs,video,HOxylh5runs,Reacting To POSITIVE COMMENTS ASMR ! | Jackie Aina,Jackie Aina,231413,29408
video_xLkHEZTSeoU,video,xLkHEZTSeoU,Casey Neistat Melts His Face Off While Eating Spic,First We Feast,2368132,111659
video_AV5TOlGFHk0,video,AV5TOlGFHk0,Best EARLY Cyber Monday 2017 Deals LIVE RIGHT NOW!,The Deal Guy,144562,4306
video_y_WoOYybCro,video,y_WoOYybCro,How I Became The Fresh Prince of Bel-Air | STORYTI,Will Smith,2339655,131268
video_7oRdswHqaf8,video,7oRdswHqaf8,EARL GREY MACARONS- The Scran Line,The Scran Line,35487,1999
video_KORiXf-u21Y,video,KORiXf-u21Y,Henrik Harlaut wins Men’s Ski Big Air gold | X Gam,X Games,121421,661
video_SPJsPQBnA2s,video,SPJsPQBnA2s,Kitchen Gadgets for Perfectionists,INSIDER,192537,3689
video_mhog9LEMCDY,video,mhog9LEMCDY,Dem Beats (ft. RuPaul) by TODRICK HALL,todrickhall,873742,48735
video_7aRxsmfBDI0,video,7aRxsmfBDI0,Which Musician Am I? (GAME) Ft. Reggie Watts,Good Mythical Morning,665478,15577
video_n5IdKE3rhII,video,n5IdKE3rhII,Queer Eye's Jonathan Van Ness Insta-Stalks the Fab,ELLE,329873,10276
video_16a1LttU5qc,video,16a1LttU5qc,I carve a pencil from a pencil from a pencil  (pen,Bobby Duke Arts,668715,39305
video_FR5WT12B_88,video,FR5WT12B_88,Spinners,Kaplamino,762752,20876
video_nx1R-eHSkfM,video,nx1R-eHSkfM,The New Snapchat in 60 Seconds,Snapchat,2944563,0
video_tP214lJtKlM,video,tP214lJtKlM,The 77 Year Old Ballet Dancer Sharing Seven Decade,BBC Three,662688,28240
video_uA8GdJJqz_s,video,uA8GdJJqz_s,Physicist Stephen Hawking has died,CNN,3432865,55495
video_5gFpcEKayz4,video,5gFpcEKayz4,MØ - When I Was Young (Official Video),MOMOMOYOUTHVEVO,764716,35765
video_9DUfFHaUpxg,video,9DUfFHaUpxg,The Voice Behind 250 of Your Favorite Cartoons,Great Big Story,1502910,41546
video_af6L1jBZGYA,video,af6L1jBZGYA,Jimmy Fallon and Paul Rudd Recreate King of Wishfu,The Tonight Show Starring Jimm,553510,8103
video__NWs7ntMRBA,video,_NWs7ntMRBA,[OFFICIAL VIDEO] Perfect - Pentatonix,PTXofficial,3105286,180986
video_5y0ARoVF6Qg,video,5y0ARoVF6Qg,Double Lesbian Pictionary Proposal,BerkleyLovesTori,195039,1063
video_OZsYiWBgFOk,video,OZsYiWBgFOk,The Spy Who Dumped Me (2018 Movie) Teaser Trailer ,Lionsgate Movies,5205309,12320
video_H7gh2fmdjCU,video,H7gh2fmdjCU,Calum Scott - What I Miss Most (Official Video),CalumScottVEVO,3136189,104437
video__PgMjA4x3rE,video,_PgMjA4x3rE,Devils Vs Angels Two w/ TheOdd1sOut,SomeThingElseYT,1157125,38539
video_ryr75N0nki0,video,ryr75N0nki0,Eminem - Walk On Water (Official Video) ft. Beyonc,EminemVEVO,16584193,669544
video_oyC4lLTOyL8,video,oyC4lLTOyL8,A Language Made Of Music,Tom Scott,244274,11287
video_cgYHbIEZWW8,video,cgYHbIEZWW8,FBI Admits It Failed To Investigate Tip About Accu,TIME,383981,2404
video_byBCkV_j-As,video,byBCkV_j-As,Introducing #AerieREAL Role Models,Aerie,5144,18
video_XbuQAbG2AZ0,video,XbuQAbG2AZ0,"Jay-Z and Dean Baquet, in Conversation",The New York Times,656786,16305
video_zNZJNlx4P80,video,zNZJNlx4P80,WE TRIED TO MAKE TASTY'S GIANT MACARON (VERSUS),HellthyJunkFood,224124,7770
video_OAGfx7eB3gA,video,OAGfx7eB3gA,How to pick up a cat like a pro - Vet advice on ca,Helpful Vancouver Vet,3388443,102467
video_KWn4JmiM2pM,video,KWn4JmiM2pM,Grammys 2018 Nominations Announced | Billboard New,Billboard News,4010,83
video_xYtsL9znopI,video,xYtsL9znopI,Khalid & Normani - Love Lies (Official Video),KhalidVEVO,6010383,242098
video_NKin_i1pcFA,video,NKin_i1pcFA,"The Spyker C8 Is the Quirkiest $250,000 Exotic Car",Doug DeMuro,1394843,29208
video_515lLZS082U,video,515lLZS082U,Pitch Perfect 3 - Riff-Off Clip [HD],Pitch Perfect,3433497,62537
video_yDiXQl7grPQ,video,yDiXQl7grPQ,Do You Hear Yanny or Laurel? (SOLVED with SCIENCE),AsapSCIENCE,42799458,564804
video_NWOz3OZ6J9M,video,NWOz3OZ6J9M,Men arrested at Starbucks speak out,ABC News,1254952,14272
video_sYvH7Y16iUM,video,sYvH7Y16iUM,The True All-Screen Smartphone is Here...,Unbox Therapy,1926808,76976
video_JefYnYIXY_8,video,JefYnYIXY_8,The Strange (But True) History of Hysteria,SciShow,298966,8979
video_lYtllIKb70M,video,lYtllIKb70M,The Royals New Season First Look | E!,E! Entertainment,88940,1126
video_WLagbArQsuE,video,WLagbArQsuE,Imagine Dragons - Thunder (Live On The Ellen DeGen,ImagineDragonsVEVO,637040,30430
video_PAHm7SEhhuw,video,PAHm7SEhhuw,Boxing with Evander Holyfield & Joel McHale | Kevi,LOL Network,1401860,23225
video_37xIzAWyO8I,video,37xIzAWyO8I,How To Enlarge And Correct Lip Shape | John Maclea,John Maclean,33074,2327
video_80L97nV_vQc,video,80L97nV_vQc,My Favorite TECH of 2017!,Jonathan Morrison,401333,7748
video_hBvcngHRTFg,video,hBvcngHRTFg,Jordan Peele Breaks Down Get Out Fan Theories from,Vanity Fair,1475655,43253
video_Dan2YMDCpms,video,Dan2YMDCpms,Blind Girl Describes My Face to a Police Sketch Ar,Gabbie Hanna,6476089,310607
video_YF6xzqOfCD8,video,YF6xzqOfCD8,"Batman's Village of Fools: Gotham, England",Tom Scott,219954,15502
video_6Nr_xHolP1Q,video,6Nr_xHolP1Q,EVERY ELEVATOR EVER,Smosh,1486238,49860
video_dx9mF1KJr0s,video,dx9mF1KJr0s,Kelly Clarkson - I Don't Think About You [Official,Kelly Clarkson,1855482,69412
video_IU-Fo-QEpOI,video,IU-Fo-QEpOI,Dude Perfect Face Off | What's In The Box,Whistle Sports,2172958,33920
video_86ysRAffCpI,video,86ysRAffCpI,VLOG 8 l Weekend Night Routine l Olivia Jade,Olivia Jade,557916,22048
video_4HX6R88QZB0,video,4HX6R88QZB0,Original 2007 iPhone Unboxing!!!,iJustine,1255581,34039
video_DMlITdf3w-o,video,DMlITdf3w-o,Eating With My DAD!,Mark Wiens,709922,21806
video_kJ18whKduFo,video,kJ18whKduFo,Age & Aging: Crash Course Sociology #36,CrashCourse,46794,1703
video_vDtyaRoonx4,video,vDtyaRoonx4,GIANT ICE BLOCK Vs. TRAMPOLINE from 45m!,How Ridiculous,8280684,378013
video_NjMd89dggAk,video,NjMd89dggAk,Shawn Mendes - In My Blood (Live From The Billboar,ShawnMendesVEVO,498818,23655
video_D6Oy4LfoqsU,video,D6Oy4LfoqsU,I GAVE SAFIYA NYGAARD A PERFECT HAIR MAKEOVER BASE,Brad Mondo,946671,44283
video_s1APv5uO2VU,video,s1APv5uO2VU,[ASMR] Scratching Different Objects ♡,Gibi ASMR,752867,15520
video_If-n27SUAl8,video,If-n27SUAl8,GUY DANCES WITH HIS NEIGHBORS,Michael Callaghan,31294,487
video_0gDVWPPgMKY,video,0gDVWPPgMKY,Sumo Wrestling in 4K,The Slow Mo Guys,1292322,43551
video_JWH5KE1atAg,video,JWH5KE1atAg,[STATION] Siedah Garrett X 보아 (BoA) 'Man in the Mi,SMTOWN,302226,28891
video_tUbky9YzPZY,video,tUbky9YzPZY,HUGE Pond Jump FAIL!!,RomanAtwoodVlogs,1573462,58903
video___1SjDrSMik,video,__1SjDrSMik,maybe i could eat blades of grass,bill wurtz,1256855,134956
video_C-DfipidnOE,video,C-DfipidnOE,Dear Snapchat!,Marques Brownlee,1452821,81929
video_enH3xA4mYcY,video,enH3xA4mYcY,SORRY TO BOTHER YOU | Official Trailer,Annapurna Channel,2092017,8368
video_VH-DA0YgHHU,video,VH-DA0YgHHU,Foo Fighters - Everlong/Christmas (Baby Please Com,foofightersVEVO,571542,17823
video_3yy-dKTmyOo,video,3yy-dKTmyOo,"Milo Manheim, Meg Donnelly - Someday (From ZOMBIES",DisneyMusicVEVO,2673063,43570
video__6lGaYh71g4,video,_6lGaYh71g4,WTF - $300 Toaster?!,Simon and Martina,368937,15116
video_7NcVNt7zQJM,video,7NcVNt7zQJM,Luke Bryan - Out Of Nowhere Girl (Audio),LukeBryanVEVO,149801,5575
video_nRafaCcfrcI,video,nRafaCcfrcI,73 Questions With Liza Koshy | Vogue,Vogue,2935330,281095
video_FhllRWReNEE,video,FhllRWReNEE,Melting Every Lipstick From Sephora Together,Safiya Nygaard,7223754,391342
video_UKserM-i0_A,video,UKserM-i0_A,Panic! At The Disco: High Hopes (Audio),Panic! At The Disco,7192582,226531
video_8h--kFui1JA,video,8h--kFui1JA,Sam Smith - Pray (Official Video) ft. Logic,SamSmithWorldVEVO,13449799,316898
video_oFqHvacY9Kk,video,oFqHvacY9Kk,björk - the gate deconstructed,Björk,65286,5027
video_CT-orZzuN2A,video,CT-orZzuN2A,Ryan Reynolds Explains the Deadpool Leak | Best of,The Graham Norton Show,2294935,38110
video_5SNX4JuM39c,video,5SNX4JuM39c,Jerry Rice Answers Football Questions From Twitter,WIRED,102105,2384
video_pl-DjiO8das,video,pl-DjiO8das,THE PROPOSAL | Felix & Marzia 💍,Marzia,3242681,337861
video_nZM9Ko806Bg,video,nZM9Ko806Bg,How I Skinned My Face,William Osman,420131,19189
video_HgknAaKNaMM,video,HgknAaKNaMM,Carrie Underwood - The Champion ft. Ludacris,carrieunderwoodVEVO,4426388,88955
video_o7iL2KzDh38,video,o7iL2KzDh38,Martin Garrix & David Guetta - So Far Away (feat. ,Martin Garrix,4667401,244335
video_qK11sSjEM3c,video,qK11sSjEM3c,Russell Westbrook pushes away Denver Nuggets fan a,ESPN,538104,1971
video_XXRBLyQQ78A,video,XXRBLyQQ78A,Only Slightly Exaggerated | Travel Oregon,oregon,664929,26263
video_DmWm3ar0PiQ,video,DmWm3ar0PiQ,I made this sculpture using aluminium foil (and da,Bobby Duke Arts,310268,25045
video_Hgc2njyY4Rs,video,Hgc2njyY4Rs,What If 2017 Never Happened?? | CHRIS AND BRITTANY,Chris Reinacher,73061,3956
video_ZcCp7488puc,video,ZcCp7488puc,Grace VanderWaal - Clearly,GraceVanderWaalVEVO,3006056,178417
video_j4KvrAUjn6c,video,j4KvrAUjn6c,WE MADE OUR MOM CRY...HER DREAM CAME TRUE!,Lucas and Marcus,6773604,116508
video_qZHycHI3F1Q,video,qZHycHI3F1Q,Football vs Soccer Trick Shots | Dude Perfect,Dude Perfect,13907124,571378
video_aEM2kOrrNJI,video,aEM2kOrrNJI,"Jennifer Lopez - Dinero ft. DJ Khaled, Cardi B",JenniferLopezVEVO,27794763,438399
video_NukmFF__G-g,video,NukmFF__G-g,Mason Ramsey - Famous [Lyric Video],Mason Ramsey,12907907,490249
video_lBHPVE3AI6Y,video,lBHPVE3AI6Y,Iran-Iraq border earthquake is deadliest of 2017 -,BBC News,104295,423
video_RxlSl-kG3qg,video,RxlSl-kG3qg,We Are So Blessed | Acacia Kersey,acaciacutie,385826,27095
video_lzuWvKn80V8,video,lzuWvKn80V8,If your reflection were honest,AnthonyPadilla,267038,24048
video_nranUeNkXpM,video,nranUeNkXpM,CHRISTMAS IS HERE! — A Bad Lip Reading of Donald T,Bad Lip Reading,918375,46147
video_HhGJBBPVpqQ,video,HhGJBBPVpqQ,#DisneyParksLIVE: Super Bowl Celebration | Walt Di,Disney Parks,38824,380
video_oxd0unpN_Hw,video,oxd0unpN_Hw,Kane Brown - Setting the Night On Fire,KaneBrownVEVO,326959,8091
video_zFuOksI6AVg,video,zFuOksI6AVg,The Shape of Water - Movie Review,Chris Stuckmann,196182,9739
video_MaTSyJDoxPo,video,MaTSyJDoxPo,Valentine's Day OMBRÉ Heart Cake | Cupcake Jemma,CupcakeJemma,154665,5394
video_GYLBjScgb7o,video,GYLBjScgb7o,"THE FURBY ORGAN, A MUSICAL INSTRUMENT MADE FROM FU",LOOK MUM NO COMPUTER,1711933,44557
video_LU86T12xBQQ,video,LU86T12xBQQ,Artist Vs. Designer: DIY Prom Dress,As/Is,773032,20796
video__fVUX6-7VKE,video,_fVUX6-7VKE,"7.9 earthquake hits near Kodiak, AK",Fox News,795360,4989
video_v8VMdSQL50w,video,v8VMdSQL50w,"Jane Fonda And Lily Tomlin On ‘Grace And Frankie,’",TODAY,45944,442
video_er2kQ21ZTG0,video,er2kQ21ZTG0,WEARING GOODWILL TO NEW YORK FASHION WEEK,DamonAndJo,59747,4533
video_WyZz9muaKFc,video,WyZz9muaKFc,I Got 99 Problems But Being A Girl Ain't One! DIY ,Blossom,17431633,101401
video_4ZO-jde2smo,video,4ZO-jde2smo,Grace VanderWaal Watches Fan Covers On YouTube | G,Glamour Magazine,601482,21672
video_zS5-hxARjJo,video,zS5-hxARjJo,Galaxy Mirror Glaze Cake: Behind Tasty,Tasty,1398600,34410
video_F1b5ouja_VI,video,F1b5ouja_VI,Markiplier Makes: Breakfast,Markiplier,691648,40362
video_kzFHjyysXr0,video,kzFHjyysXr0,Embarrassing Vision Boards From Our Past (ft. Jenn,IISuperwomanII,961346,77731
video_GveWDLBmc8Y,video,GveWDLBmc8Y,I Built The Boring Company Flamethrower!,So I Had This Idea...,97217,1271
video_gm5P74vcB84,video,gm5P74vcB84,Casually Laser-Exposing 0.2 mm PCB features on a 3,Marco Reps,39115,1423
video_YVfyYrEmzgM,video,YVfyYrEmzgM,How does your body know you're full? - Hilary Coll,TED-Ed,297147,10410
video_T2aJzwAeA9Y,video,T2aJzwAeA9Y,Ronda Rousey demands an apology from Stephanie McM,WWE,3897800,43779
video_Bn02bclCu5A,video,Bn02bclCu5A,Star Wars Episode IX Story Pitched By JJ Abrams - ,ColliderVideos,123530,2421
video_8bn9OBHoO0k,video,8bn9OBHoO0k,"Dennis Edwards, Temptations Lead Singer, Dead At 7",CBS Chicago,27178,242
video_REbjfHF0N0s,video,REbjfHF0N0s,Meng Jia & Jackson Wang (孟佳 & 王嘉尔）- MOOD Official ,Banana Culture Music,1378937,78042
video_Q3jege0p0dQ,video,Q3jege0p0dQ,Marc Spelmann gets the first Golden Buzzer of 2018,Britain's Got Talent,3585629,115796
video_Qcj15vHJTtk,video,Qcj15vHJTtk,Royal Wedding - SNL,Saturday Night Live,5186618,50779
video_UYDAgS2Mr6M,video,UYDAgS2Mr6M,Mathew Knowles,Wendy Williams,380458,5404
video_amtC28yfYCM,video,amtC28yfYCM,Mindy Kaling Is Mad She Wasn't Invited to the Roya,The Tonight Show Starring Jimm,303920,4269
video_0gwkMY-mzUQ,video,0gwkMY-mzUQ,Demi Lovato & Luis Fonsi - Echame La Culpa (Teaser,Demi Lovato,531746,32749
video_1qKBNKtzTWg,video,1qKBNKtzTWg,Outback Bowl is January 1st,Outback Steakhouse,9630,12
video_dwEKqAwoz0Y,video,dwEKqAwoz0Y,"Take Sam to Church | December 20, 2017 Act 3 | Ful",Full Frontal with Samantha Bee,512801,7228
video_ondQYFBvk6M,video,ondQYFBvk6M,Summit of Hawaii's Kilauea volcano erupts,CNN,1300551,7346
video_wc4v9uT6GWc,video,wc4v9uT6GWc,Country Music Hall of Famer Mel Tillis has died,USA TODAY,24606,179
video_Txlk7PiHaGk,video,Txlk7PiHaGk,Imagine Dragons - Next To Me,ImagineDragonsVEVO,5161538,290559
video_ys6KVWA4okw,video,ys6KVWA4okw,Will It Slip-N-Slide? (EXPERIMENT),Good Mythical Morning,1694648,46641
video_TjXQzRWmb_I,video,TjXQzRWmb_I,Destination Wedding Trailer #1 (2018) | Movieclips,Movieclips Trailers,3559290,46698
video_e0hO5fTGwPY,video,e0hO5fTGwPY,U.S. v. Whistleblower Tom Drake,CBS News,45642,445
video_Ev23TV62k08,video,Ev23TV62k08,IF MOVIES WERE GENDER SWAPPED,Smosh,719145,34432
video_Uv2LvQ0FEvo,video,Uv2LvQ0FEvo,Music is Magic,Poppy,246381,12418
video_KQkkgD2p3Ow,video,KQkkgD2p3Ow,U2 - American Soul (Lyric Video),U2VEVO,383461,7460
video_7J4nN0Te9m8,video,7J4nN0Te9m8,Butterflies,Kacey Musgraves - Topic,30096,589
video_ZqOtqz8bSDk,video,ZqOtqz8bSDk,10 Things Jimmy Butler Can't Live Without | GQ,GQ,758005,14203
video_Bzji05zubSc,video,Bzji05zubSc,2017 Miss Universe National Costume Show,Miss Universe,437779,3257
video_fzmM0AB60QQ,video,fzmM0AB60QQ,Lost in Space | Official Trailer [HD] | Netflix,Netflix,2715466,36730
video_jyUNW5p8Yno,video,jyUNW5p8Yno,Classic Game Enthusiast's DREAM?,Linus Tech Tips,259646,8577
video_TfiVD2_Quy4,video,TfiVD2_Quy4,LIVE Hosting SpaceX GovSat-1/SES-16,Everyday Astronaut,57561,1656
video_h-h5Mhlt6O0,video,h-h5Mhlt6O0,iMac Pro: 1 Week Impressions!,Marques Brownlee,1802247,81886
video_oRArmtMA9AI,video,oRArmtMA9AI,Marshmello - FLY (Official Music Video),Marshmello,4787890,253417
video_WIV3xNz8NoM,video,WIV3xNz8NoM,Cobra Kai Season 2,Cobra Kai,957976,31032
video_kD-_iyS95AQ,video,kD-_iyS95AQ,History of TV Theme Songs with Will Smith,The Tonight Show Starring Jimm,5015200,64858
video_mHd8Ug4ljN4,video,mHd8Ug4ljN4,Broadway's 'Frozen' cast performs 'For the First T,Good Morning America,713619,13064
video_S0eLwrrTBlc,video,S0eLwrrTBlc,Oh What a Feeling. Toyota! 1982,Kevin Noonan,13630,42
video_iNT-tPrz4OM,video,iNT-tPrz4OM,Footage of how Tom Cruise broke his ankle while fi,BBC,451523,3606
video_GStMSkhmYEs,video,GStMSkhmYEs,"INDIAN STREET FOOD Tour DEEP in PUNJAB, INDIA | BE",The Food Ranger,735271,20786
video_PeYARbPHcvk,video,PeYARbPHcvk,Solve Mysteries with Detective Pikachu!,The Official Pokémon YouTube C,439372,17772
video_uSTNyHkde08,video,uSTNyHkde08,Why isn't the world covered in poop? - Eleanor Sla,TED-Ed,543182,16816
video_BQC09Mdn24w,video,BQC09Mdn24w,THANKSGIVING SLAY MAKEUP TUTORIAL,James Charles,204520,17520
video_6gFj1XJ6b5o,video,6gFj1XJ6b5o,CALLING OUT OLYMPIC CHAMPIONS!?  {Press Up Challen,Nile Wilson,327906,12955
video_894rSubVE5E,video,894rSubVE5E,GUESS THAT SONG CHALLENGE: Oscar Winning Songs (ft,REACT,829743,16182
video_GeF_5qo00Uw,video,GeF_5qo00Uw,The House with a Clock in its Walls Trailer #1 (20,Movieclips Trailers,1305238,16089
video_8Ojf1RVqRn4,video,8Ojf1RVqRn4,Rise - Super Bowl Commercial,Rise,23819,128
video_T1B1CxmAXLk,video,T1B1CxmAXLk,LIFE OF THE PARTY - Official Trailer 1,Warner Bros. Pictures,2523415,8717
video_6EHbZKLkeMg,video,6EHbZKLkeMg,Laura Govan Addresses Rumors Of Pregnancy & Affair,Breakfast Club Power 105.1 FM,153924,1130
video_UelDrZ1aFeY,video,UelDrZ1aFeY,The Beatles - Something,TheBeatlesVEVO,300775,18859
video_bcPTiiiYDs8,video,bcPTiiiYDs8,How pi was almost 6.283185...,3Blue1Brown,296379,11255
video_WKcYTvyoidw,video,WKcYTvyoidw,Parenting Habits That Could Keep Children From Suc,Business Insider,44313,1073
video_FBhVIhmh_N8,video,FBhVIhmh_N8,Sister Circle Live | Dutchess Lattimore Exclusive,Sister Circle Live,157142,3217
video_xPsEiZAOb_I,video,xPsEiZAOb_I,GIVING AWAY MY YOUTUBE ADSENSE,Caspar,289976,40973
video_4cXsgT3ZcL8,video,4cXsgT3ZcL8,Black Girls React to Tarte Shape Tape Foundation |,Jackie Aina,1802838,110360
video_56XbwQ59GbA,video,56XbwQ59GbA,Attack of the SHONGOLOLO!,Brave Wilderness,511809,15084
video_Kf2-86o5S1o,video,Kf2-86o5S1o,Film Theory: The Bee Movie LIED To You!,The Film Theorists,5058013,127499
video_kA66nAvEEII,video,kA66nAvEEII,Stephen A. shares theory on why Spurs' Kawhi Leona,ESPN,707341,4881
video_3ChgRbqGi-E,video,3ChgRbqGi-E,Kygo - Stranger Things ft. OneRepublic,KygoOfficialVEVO,3308845,141399
video_4Uhe7pNqCFo,video,4Uhe7pNqCFo,Running Through Glass in Slow Motion,The Slow Mo Guys,1414582,57401
video_C_SJgw5MVFY,video,C_SJgw5MVFY,MisterWives - Oh Love,MisterWivesVEVO,21439,1605
video_s_LxZx42sIk,video,s_LxZx42sIk,What are mini brains? - Madeline Lancaster,TED-Ed,154748,7473
video_wAQ7autd61g,video,wAQ7autd61g,The Final Countdown - Europe (Vintage Cabaret Cove,PostmodernJukebox,491961,16979
video_BHloD113J54,video,BHloD113J54,Young King - Black Panther Jaden Smith Parody (Ner,Nerdist,60902,3650
video_aTvw9_dxBlk,video,aTvw9_dxBlk,Jim Nabors dead at 87 (Thursday noon breaking repo,WTHR,32221,161
video_gAcvbGuqG0Q,video,gAcvbGuqG0Q,Cam - Diane (Official Music Video),CamVEVO,351086,5513
video_425M4M3Opkk,video,425M4M3Opkk,Christopher Robin Official Teaser Trailer,Disney Movie Trailers,6768054,138079
video_5VGxDEh3F0g,video,5VGxDEh3F0g,Iron Man: How It All Began,ScreenPrism,56072,2787
video_NZxVghfY6dk,video,NZxVghfY6dk,Troy: Fall Of A City | Official Trailer [HD] | Net,Netflix,605483,5634
video_ssk48FCVolk,video,ssk48FCVolk,Drop the Mic: Seth Rogen vs Joseph Gordon-Levitt -,TBS,1331964,17725
video_2nSXgn68gPQ,video,2nSXgn68gPQ,Samsung's Galaxy S9 event: Watch CNET's live cover,CNET,117924,1262
video_I8TVdFbFMg4,video,I8TVdFbFMg4,BEST Black Friday Tech Deals 2017!,UrAvgConsumer,259918,9228
video_c835XURBeLQ,video,c835XURBeLQ,Giving my 13 year old niece the 'emo phase',Tom Harlock,294794,20331
video_9reizHjwuNY,video,9reizHjwuNY,WHAT IS THIS LINE? (on my Super Blue Blood Moon Ph,SmarterEveryDay,698580,26812
video_rYzLh2QuraQ,video,rYzLh2QuraQ,Match the Dog to Their Owner - Lineup,Cut,1682367,57854
video_4VDylTCCzOY,video,4VDylTCCzOY,Adam and Jenna's - Freestyle – Dancing with the St,Dancing With The Stars,325214,2365
video_jsnyz__pc5M,video,jsnyz__pc5M,Chloe x Halle - The Kids Are Alright - Official Mu,Chloe x Halle,164771,12146
video_-El8z4uy5Ac,video,-El8z4uy5Ac,The Best Movie Hell to End Up In - After Hours,Cracked,639982,16519
video__odvYvbW9VM,video,_odvYvbW9VM,REAL CHICAGO DEEP DISH PIZZA = Pizza of Heaven!?,JOLLY,614802,10422
video_1h7KV2sjUWY,video,1h7KV2sjUWY,True Facts : Ant Mutualism,zefrank1,988810,58038
video_rYcnh7hXOjE,video,rYcnh7hXOjE,Why old buildings use the same leaf design,Vox,790583,15349
video_dEs6-IfOGbw,video,dEs6-IfOGbw,"Mexican STREET FOOD Tour in Oaxaca, Mexico | BEST ",The Food Ranger,746367,14340
video_rZQepOFnYi8,video,rZQepOFnYi8,BEST REACTION EVER! - Mickey and Minnie at Drive-T,Brian Hull,1162341,29484
video_m7lFyINZlBs,video,m7lFyINZlBs,Cardi B Confirms Pregnancy,Wendy Williams,1048231,9906
video_XzzQL96yAwE,video,XzzQL96yAwE,Love at First Sight,Studio C,502559,13383
video_hiGqKwy4yM0,video,hiGqKwy4yM0,Charli XCX - Backseat (feat. Carly Rae Jepsen) [Of,officialcharlixcx,210114,5845
video_46KwY26PeOs,video,46KwY26PeOs,Occupied - Cyanide & Happiness Shorts,ExplosmEntertainment,1346784,48342
video_p1jllz43xZE,video,p1jllz43xZE,Ellie Kemper and Mindy Kaling Reminisce About The ,Late Night with Seth Meyers,473884,4665
video_zNqSvg5qwGw,video,zNqSvg5qwGw,Sharon Stone on second chances,CBS Sunday Morning,466046,1264
video_tEnCoocmPQM,video,tEnCoocmPQM,Halsey - Sorry,HalseyVEVO,5332396,283092
video_Up09AUDzLVI,video,Up09AUDzLVI,I Invented a Real Gravy Train,William Osman,286704,10933
video_rzVJrBOsf0M,video,rzVJrBOsf0M,How to Make a Ping Pong Table // Collab with Evan ,I Like To Make Stuff,233758,6806
video_QFfEtKvXMAs,video,QFfEtKvXMAs,Niall Horan - Too Much To Ask (Acoustic),NiallHoranVEVO,419341,53572
video__wNZbgBPz1Q,video,_wNZbgBPz1Q,Thanos has a great plan,Jenny Nicholson,405093,19903
video_ife5Zij94_E,video,ife5Zij94_E,Evanescence - Together Again (Official Audio),EvanescenceVEVO,333536,14759
video_pqzopUurZPc,video,pqzopUurZPc,Fox and Owl Face Off || ViralHog,ViralHog,341197,1549
video_hahlygBa6yQ,video,hahlygBa6yQ,vegan eggs benedict *hunger warning*,Julien Solomita,219772,18187
video_kxkrdLI6e6M,video,kxkrdLI6e6M,How Dark Patterns Trick You Online,Nerdwriter1,583970,37091
video_7uvxjNut1gk,video,7uvxjNut1gk,QUARTZ – The World's First Self-Cleaning Water Bot,QUARTZ,65821,34
video_fKuxh0E9mSI,video,fKuxh0E9mSI,CHVRCHES - My Enemy ft. Matt Berninger,ChvrchesVEVO,266452,8143
video_lBbSzQXQknw,video,lBbSzQXQknw,And the WINNER of Britain’s Got Talent 2018 is... ,Britain's Got Talent,4678751,53469
video_BlHVpQfxJt4,video,BlHVpQfxJt4,DIY POCKY - VERSUS 東京 ft. Simon & Martina,HellthyJunkFood,273204,8901
video_6VrqR_GfvzE,video,6VrqR_GfvzE,björk: arisen my senses,Björk,150724,8266
video_jCb-WcxO5SU,video,jCb-WcxO5SU,If Commercials were Real Life - Daytona 500/Apple ,Zebra Corner,1829190,58846
video_8fbyfDbi-MI,video,8fbyfDbi-MI,Lift Yourself,Kanye West - Topic,3667159,87776
video_phXTecbj6NI,video,phXTecbj6NI,Hollywood Medium Connects Me With My Late Mom (360,Gigi Gorgeous,177288,5253
video_0EPY1CKFecs,video,0EPY1CKFecs,The True Messed Up Story of Pocahontas,CollegeHumor,2441222,58980
video_TM42O6kYbI8,video,TM42O6kYbI8,Why the Oscars love method actors,Vox,356363,9666
video_5llHhbYjBwY,video,5llHhbYjBwY,Markelle Fultz Makes His Return To The Court!,NBA,219523,3683
video_V5cOvyDpWfM,video,V5cOvyDpWfM,Fergie Performs The U.S. National Anthem / 2018 NB,MLG Highlights,14647590,32892
video__oZIbFolJTw,video,_oZIbFolJTw,RGB Pixel Christmas Tree,VOsprey22,3137,24
video___-22AJoFxY,video,__-22AJoFxY,The Vamps - Same To You (Acoustic),TheVampsVEVO,270838,31167
video_YvEGAcgpwqQ,video,YvEGAcgpwqQ,Grab Your Partner | Kevin Hart: What The Fit | Lau,LOL Network,181782,5659
video_BOKzXQdA4Nw,video,BOKzXQdA4Nw,ISLE OF DOGS | Cast Interviews | FOX Searchlight,FoxSearchlight,406130,6025
video_fGHOLz35L8M,video,fGHOLz35L8M,Yellow Labrador dumped after being used for breedi,Hope For Paws - Official Rescu,564515,26005
video_pFc6I0rgmgY,video,pFc6I0rgmgY,BLACKkKLANSMAN - Official Trailer [HD] - In Theate,Focus Features,5249452,35844
video_lJmDmfQOWVw,video,lJmDmfQOWVw,BECOMING ADAM RIPPON // Grace Helbig,Grace Helbig,138097,8821
video_r-8NzNW6mXs,video,r-8NzNW6mXs,Meet the World’s Most Terrifying Caterpillar,SciShow,305623,10184
video_xf4iv4ic70M,video,xf4iv4ic70M,GOOGLE PICKS MY MAKEUP CHALLENGE! Carli Bybel,Carli Bybel,537376,23409
video_fcVjitaM3LY,video,fcVjitaM3LY,78557 and Proth Primes - Numberphile,Numberphile,80705,4687
video_Nl0iGMkxwcc,video,Nl0iGMkxwcc,The Sibling Rivalry Behind Adidas Versus Puma,Great Big Story,144823,4626
video_7OsFH1XBUG8,video,7OsFH1XBUG8,What Will Fire Crackers Do in Gasoline?,The King of Random,1475727,20443
video_Oc27GxSD_bI,video,Oc27GxSD_bI,How I broke a wine glass with my voice (using scie,Physics Girl,140445,9466
video_MKc22HuE_94,video,MKc22HuE_94,Ellen Looks Back at Her Favorite Pranks,TheEllenShow,577033,10584
video_K5lmXgKi6V0,video,K5lmXgKi6V0,"Sandra Bullock, Sarah Paulson & Awkwafina's Secret",The Late Late Show with James ,216239,4542
video_H-WEhug-up8,video,H-WEhug-up8,Homeless Cats,AaronsAnimals,1283463,34903
video_kUosDBUjq5A,video,kUosDBUjq5A,LUXURIOUS All You Can Eat BUFFET in Mumbai India!,Strictly Dumpling,290559,9156
video_QBzQeyHh0i8,video,QBzQeyHh0i8,Victoria Beckham Says Yes to a Spice Girls Carpool,The Late Late Show with James ,631623,8100
video_Wk6Z7HLpx8s,video,Wk6Z7HLpx8s,"Magnitude 8.2 earthquake strikes Alaska, tsunami w",ABC Action News,1019354,6653
video__YSVbM1saXM,video,_YSVbM1saXM,2017 Hit Songs Siblings Dance | Ranz and Niana,Ranz Kyle,1034042,79963
video_JlcJaCS4BPM,video,JlcJaCS4BPM,Silence Breakers: Women Affected By Sexual Miscond,TODAY,24397,227
video_5XUwdZkM6N8,video,5XUwdZkM6N8,MY FACE CHART RECREATION! | MILK1422,LustreLux,137034,8598
video_vug4bROR79I,video,vug4bROR79I,Cleveland Cavaliers vs Toronto Raptors Full Game H,MLG Highlights,2707990,13369
video_qF7SRQFd49E,video,qF7SRQFd49E,Anderson Cooper’s tribute to his friend Anthony Bo,CNN,2697565,36029
video_PzcaR1N0pTI,video,PzcaR1N0pTI,Mary Poppins Returns Official Teaser Trailer,Disney Movie Trailers,3141764,57674
video_lJkXbzQPIkM,video,lJkXbzQPIkM,WHAT'S THE BEST HOLIDAY GIFT?/ GABY & ALLISON,Just Between Us,61757,3882
